sensor,variant,raw_index_0based,raw_index_1based,wavelength_nm,width_nm,lower_edge_nm,upper_edge_nm,kept_after_processing,processed_index_0based,processed_index_1based,removal_reason,description
ENMAP,enmap,0,1,418.416,6.99561,414.91819499999997,421.913805,True,0.0,1.0,,Offline removal from construct_spectral_groups.ipynb: remove raw 0-based [126:141) and [160:167).
ENMAP,enmap,1,2,424.043,6.6675,420.70925,427.37675,True,1.0,2.0,,Offline removal from construct_spectral_groups.ipynb: remove raw 0-based [126:141) and [160:167).
ENMAP,enmap,2,3,429.457,6.42408,426.24496,432.66904,True,2.0,3.0,,Offline removal from construct_spectral_groups.ipynb: remove raw 0-based [126:141) and [160:167).
ENMAP,enmap,3,4,434.686,6.25124,431.56037999999995,437.81162,True,3.0,4.0,,Offline removal from construct_spectral_groups.ipynb: remove raw 0-based [126:141) and [160:167).
ENMAP,enmap,4,5,439.758,6.13485,436.69057499999997,442.825425,True,4.0,5.0,,Offline removal from construct_spectral_groups.ipynb: remove raw 0-based [126:141) and [160:167).
ENMAP,enmap,5,6,444.699,6.06076,441.66862000000003,447.72938,True,5.0,6.0,,Offline removal from construct_spectral_groups.ipynb: remove raw 0-based [126:141) and [160:167).
ENMAP,enmap,6,7,449.539,6.01486,446.53157,452.54643,True,6.0,7.0,,Offline removal from construct_spectral_groups.ipynb: remove raw 0-based [126:141) and [160:167).
ENMAP,enmap,7,8,454.306,5.98302,451.31449,457.29751,True,7.0,8.0,,Offline removal from construct_spectral_groups.ipynb: remove raw 0-based [126:141) and [160:167).
ENMAP,enmap,8,9,459.031,5.95232,456.05484,462.00716,True,8.0,9.0,,Offline removal from construct_spectral_groups.ipynb: remove raw 0-based [126:141) and [160:167).
ENMAP,enmap,9,10,463.73,5.9199,460.77005,466.68995,True,9.0,10.0,,Offline removal from construct_spectral_groups.ipynb: remove raw 0-based [126:141) and [160:167).
ENMAP,enmap,10,11,468.411,5.88775,465.467125,471.354875,True,10.0,11.0,,Offline removal from construct_spectral_groups.ipynb: remove raw 0-based [126:141) and [160:167).
ENMAP,enmap,11,12,473.08,5.8579,470.15105,476.00894999999997,True,11.0,12.0,,Offline removal from construct_spectral_groups.ipynb: remove raw 0-based [126:141) and [160:167).
ENMAP,enmap,12,13,477.744,5.83239,474.827805,480.66019500000004,True,12.0,13.0,,Offline removal from construct_spectral_groups.ipynb: remove raw 0-based [126:141) and [160:167).
ENMAP,enmap,13,14,482.411,5.81325,479.504375,485.317625,True,13.0,14.0,,Offline removal from construct_spectral_groups.ipynb: remove raw 0-based [126:141) and [160:167).
ENMAP,enmap,14,15,487.087,5.8025,484.18575,489.98825,True,14.0,15.0,,Offline removal from construct_spectral_groups.ipynb: remove raw 0-based [126:141) and [160:167).
ENMAP,enmap,15,16,491.78,5.8022,488.8789,494.68109999999996,True,15.0,16.0,,Offline removal from construct_spectral_groups.ipynb: remove raw 0-based [126:141) and [160:167).
ENMAP,enmap,16,17,496.497,5.81407,493.589965,499.404035,True,16.0,17.0,,Offline removal from construct_spectral_groups.ipynb: remove raw 0-based [126:141) and [160:167).
ENMAP,enmap,17,18,501.243,5.83751,498.324245,504.16175499999997,True,17.0,18.0,,Offline removal from construct_spectral_groups.ipynb: remove raw 0-based [126:141) and [160:167).
ENMAP,enmap,18,19,506.02,5.87076,503.08462,508.95538,True,18.0,19.0,,Offline removal from construct_spectral_groups.ipynb: remove raw 0-based [126:141) and [160:167).
ENMAP,enmap,19,20,510.829,5.91208,507.87296000000003,513.78504,True,19.0,20.0,,Offline removal from construct_spectral_groups.ipynb: remove raw 0-based [126:141) and [160:167).
ENMAP,enmap,20,21,515.672,5.95969,512.6921550000001,518.651845,True,20.0,21.0,,Offline removal from construct_spectral_groups.ipynb: remove raw 0-based [126:141) and [160:167).
ENMAP,enmap,21,22,520.551,6.01183,517.5450850000001,523.556915,True,21.0,22.0,,Offline removal from construct_spectral_groups.ipynb: remove raw 0-based [126:141) and [160:167).
ENMAP,enmap,22,23,525.467,6.06674,522.43363,528.50037,True,22.0,23.0,,Offline removal from construct_spectral_groups.ipynb: remove raw 0-based [126:141) and [160:167).
ENMAP,enmap,23,24,530.424,6.12279,527.362605,533.4853949999999,True,23.0,24.0,,Offline removal from construct_spectral_groups.ipynb: remove raw 0-based [126:141) and [160:167).
ENMAP,enmap,24,25,535.422,6.1794,532.3323,538.5117,True,24.0,25.0,,Offline removal from construct_spectral_groups.ipynb: remove raw 0-based [126:141) and [160:167).
ENMAP,enmap,25,26,540.463,6.23648,537.34476,543.58124,True,25.0,26.0,,Offline removal from construct_spectral_groups.ipynb: remove raw 0-based [126:141) and [160:167).
ENMAP,enmap,26,27,545.551,6.29397,542.4040150000001,548.697985,True,26.0,27.0,,Offline removal from construct_spectral_groups.ipynb: remove raw 0-based [126:141) and [160:167).
ENMAP,enmap,27,28,550.687,6.35179,547.511105,553.862895,True,27.0,28.0,,Offline removal from construct_spectral_groups.ipynb: remove raw 0-based [126:141) and [160:167).
ENMAP,enmap,28,29,555.873,6.40987,552.6680650000001,559.077935,True,28.0,29.0,,Offline removal from construct_spectral_groups.ipynb: remove raw 0-based [126:141) and [160:167).
ENMAP,enmap,29,30,561.112,6.46815,557.877925,564.3460749999999,True,29.0,30.0,,Offline removal from construct_spectral_groups.ipynb: remove raw 0-based [126:141) and [160:167).
ENMAP,enmap,30,31,566.405,6.52654,563.1417299999999,569.66827,True,30.0,31.0,,Offline removal from construct_spectral_groups.ipynb: remove raw 0-based [126:141) and [160:167).
ENMAP,enmap,31,32,571.756,6.58497,568.4635149999999,575.048485,True,31.0,32.0,,Offline removal from construct_spectral_groups.ipynb: remove raw 0-based [126:141) and [160:167).
ENMAP,enmap,32,33,577.166,6.64338,573.8443100000001,580.48769,True,32.0,33.0,,Offline removal from construct_spectral_groups.ipynb: remove raw 0-based [126:141) and [160:167).
ENMAP,enmap,33,34,582.636,6.70177,579.285115,585.9868849999999,True,33.0,34.0,,Offline removal from construct_spectral_groups.ipynb: remove raw 0-based [126:141) and [160:167).
ENMAP,enmap,34,35,588.171,6.76072,584.79064,591.55136,True,34.0,35.0,,Offline removal from construct_spectral_groups.ipynb: remove raw 0-based [126:141) and [160:167).
ENMAP,enmap,35,36,593.773,6.82113,590.362435,597.183565,True,35.0,36.0,,Offline removal from construct_spectral_groups.ipynb: remove raw 0-based [126:141) and [160:167).
ENMAP,enmap,36,37,599.446,6.88388,596.00406,602.8879400000001,True,36.0,37.0,,Offline removal from construct_spectral_groups.ipynb: remove raw 0-based [126:141) and [160:167).
ENMAP,enmap,37,38,605.193,6.94987,601.718065,608.6679349999999,True,37.0,38.0,,Offline removal from construct_spectral_groups.ipynb: remove raw 0-based [126:141) and [160:167).
ENMAP,enmap,38,39,611.017,7.01999,607.507005,614.526995,True,38.0,39.0,,Offline removal from construct_spectral_groups.ipynb: remove raw 0-based [126:141) and [160:167).
ENMAP,enmap,39,40,616.923,7.09511,613.375445,620.470555,True,39.0,40.0,,Offline removal from construct_spectral_groups.ipynb: remove raw 0-based [126:141) and [160:167).
ENMAP,enmap,40,41,622.921,7.17533,619.333335,626.5086650000001,True,40.0,41.0,,Offline removal from construct_spectral_groups.ipynb: remove raw 0-based [126:141) and [160:167).
ENMAP,enmap,41,42,628.987,7.25495,625.359525,632.614475,True,41.0,42.0,,Offline removal from construct_spectral_groups.ipynb: remove raw 0-based [126:141) and [160:167).
ENMAP,enmap,42,43,635.112,7.33145,631.446275,638.7777249999999,True,42.0,43.0,,Offline removal from construct_spectral_groups.ipynb: remove raw 0-based [126:141) and [160:167).
ENMAP,enmap,43,44,641.294,7.40537,637.591315,644.996685,True,43.0,44.0,,Offline removal from construct_spectral_groups.ipynb: remove raw 0-based [126:141) and [160:167).
ENMAP,enmap,44,45,647.537,7.47729,643.798355,651.275645,True,44.0,45.0,,Offline removal from construct_spectral_groups.ipynb: remove raw 0-based [126:141) and [160:167).
ENMAP,enmap,45,46,653.841,7.54777,650.0671150000001,657.614885,True,45.0,46.0,,Offline removal from construct_spectral_groups.ipynb: remove raw 0-based [126:141) and [160:167).
ENMAP,enmap,46,47,660.207,7.61738,656.39831,664.01569,True,46.0,47.0,,Offline removal from construct_spectral_groups.ipynb: remove raw 0-based [126:141) and [160:167).
ENMAP,enmap,47,48,666.637,7.68669,662.793655,670.4803449999999,True,47.0,48.0,,Offline removal from construct_spectral_groups.ipynb: remove raw 0-based [126:141) and [160:167).
ENMAP,enmap,48,49,673.131,7.75628,669.2528599999999,677.00914,True,48.0,49.0,,Offline removal from construct_spectral_groups.ipynb: remove raw 0-based [126:141) and [160:167).
ENMAP,enmap,49,50,679.691,7.8267,675.77765,683.6043500000001,True,49.0,50.0,,Offline removal from construct_spectral_groups.ipynb: remove raw 0-based [126:141) and [160:167).
ENMAP,enmap,50,51,686.319,7.89853,682.369735,690.2682649999999,True,50.0,51.0,,Offline removal from construct_spectral_groups.ipynb: remove raw 0-based [126:141) and [160:167).
ENMAP,enmap,51,52,693.014,7.97235,689.027825,697.000175,True,51.0,52.0,,Offline removal from construct_spectral_groups.ipynb: remove raw 0-based [126:141) and [160:167).
ENMAP,enmap,52,53,699.78,8.04871,695.755645,703.804355,True,52.0,53.0,,Offline removal from construct_spectral_groups.ipynb: remove raw 0-based [126:141) and [160:167).
ENMAP,enmap,53,54,706.617,8.1281,702.55295,710.6810499999999,True,53.0,54.0,,Offline removal from construct_spectral_groups.ipynb: remove raw 0-based [126:141) and [160:167).
ENMAP,enmap,54,55,713.524,8.2102,709.4189,717.6291,True,54.0,55.0,,Offline removal from construct_spectral_groups.ipynb: remove raw 0-based [126:141) and [160:167).
ENMAP,enmap,55,56,720.501,8.29433,716.353835,724.648165,True,55.0,56.0,,Offline removal from construct_spectral_groups.ipynb: remove raw 0-based [126:141) and [160:167).
ENMAP,enmap,56,57,727.545,8.3798,723.3551,731.7348999999999,True,56.0,57.0,,Offline removal from construct_spectral_groups.ipynb: remove raw 0-based [126:141) and [160:167).
ENMAP,enmap,57,58,734.654,8.46592,730.42104,738.88696,True,57.0,58.0,,Offline removal from construct_spectral_groups.ipynb: remove raw 0-based [126:141) and [160:167).
ENMAP,enmap,58,59,741.826,8.552,737.5500000000001,746.102,True,58.0,59.0,,Offline removal from construct_spectral_groups.ipynb: remove raw 0-based [126:141) and [160:167).
ENMAP,enmap,59,60,749.06,8.63735,744.741325,753.3786749999999,True,59.0,60.0,,Offline removal from construct_spectral_groups.ipynb: remove raw 0-based [126:141) and [160:167).
ENMAP,enmap,60,61,756.353,8.72128,751.99236,760.7136399999999,True,60.0,61.0,,Offline removal from construct_spectral_groups.ipynb: remove raw 0-based [126:141) and [160:167).
ENMAP,enmap,61,62,763.703,8.80311,759.301445,768.104555,True,61.0,62.0,,Offline removal from construct_spectral_groups.ipynb: remove raw 0-based [126:141) and [160:167).
ENMAP,enmap,62,63,771.108,8.88214,766.66693,775.5490699999999,True,62.0,63.0,,Offline removal from construct_spectral_groups.ipynb: remove raw 0-based [126:141) and [160:167).
ENMAP,enmap,63,64,778.567,8.95779,774.088105,783.045895,True,63.0,64.0,,Offline removal from construct_spectral_groups.ipynb: remove raw 0-based [126:141) and [160:167).
ENMAP,enmap,64,65,786.078,9.03034,781.56283,790.59317,True,64.0,65.0,,Offline removal from construct_spectral_groups.ipynb: remove raw 0-based [126:141) and [160:167).
ENMAP,enmap,65,66,793.639,9.1005,789.08875,798.18925,True,65.0,66.0,,Offline removal from construct_spectral_groups.ipynb: remove raw 0-based [126:141) and [160:167).
ENMAP,enmap,66,67,801.249,9.16897,796.664515,805.833485,True,66.0,67.0,,Offline removal from construct_spectral_groups.ipynb: remove raw 0-based [126:141) and [160:167).
ENMAP,enmap,67,68,808.905,9.23646,804.2867699999999,813.52323,True,67.0,68.0,,Offline removal from construct_spectral_groups.ipynb: remove raw 0-based [126:141) and [160:167).
ENMAP,enmap,68,69,816.608,9.30368,811.95616,821.2598399999999,True,68.0,69.0,,Offline removal from construct_spectral_groups.ipynb: remove raw 0-based [126:141) and [160:167).
ENMAP,enmap,69,70,824.355,9.37133,819.669335,829.040665,True,69.0,70.0,,Offline removal from construct_spectral_groups.ipynb: remove raw 0-based [126:141) and [160:167).
ENMAP,enmap,70,71,832.145,9.44012,827.42494,836.86506,True,70.0,71.0,,Offline removal from construct_spectral_groups.ipynb: remove raw 0-based [126:141) and [160:167).
ENMAP,enmap,71,72,839.976,9.51076,835.22062,844.73138,True,71.0,72.0,,Offline removal from construct_spectral_groups.ipynb: remove raw 0-based [126:141) and [160:167).
ENMAP,enmap,72,73,847.847,9.58396,843.05502,852.63898,True,72.0,73.0,,Offline removal from construct_spectral_groups.ipynb: remove raw 0-based [126:141) and [160:167).
ENMAP,enmap,73,74,855.757,9.66032,850.92684,860.5871599999999,True,73.0,74.0,,Offline removal from construct_spectral_groups.ipynb: remove raw 0-based [126:141) and [160:167).
ENMAP,enmap,74,75,863.703,9.73971,858.833145,868.572855,True,74.0,75.0,,Offline removal from construct_spectral_groups.ipynb: remove raw 0-based [126:141) and [160:167).
ENMAP,enmap,75,76,871.683,9.82161,866.772195,876.593805,True,75.0,76.0,,Offline removal from construct_spectral_groups.ipynb: remove raw 0-based [126:141) and [160:167).
ENMAP,enmap,76,77,879.693,9.90551,874.740245,884.645755,True,76.0,77.0,,Offline removal from construct_spectral_groups.ipynb: remove raw 0-based [126:141) and [160:167).
ENMAP,enmap,77,78,887.729,9.99089,882.733555,892.7244450000001,True,77.0,78.0,,Offline removal from construct_spectral_groups.ipynb: remove raw 0-based [126:141) and [160:167).
ENMAP,enmap,78,79,895.789,10.0772,890.7504,900.8276,True,78.0,79.0,,Offline removal from construct_spectral_groups.ipynb: remove raw 0-based [126:141) and [160:167).
ENMAP,enmap,79,80,901.961,9.17725,897.372375,906.549625,True,79.0,80.0,,Offline removal from construct_spectral_groups.ipynb: remove raw 0-based [126:141) and [160:167).
ENMAP,enmap,80,81,903.87,10.164,898.788,908.952,True,80.0,81.0,,Offline removal from construct_spectral_groups.ipynb: remove raw 0-based [126:141) and [160:167).
ENMAP,enmap,81,82,911.571,9.31901,906.9114950000001,916.230505,True,81.0,82.0,,Offline removal from construct_spectral_groups.ipynb: remove raw 0-based [126:141) and [160:167).
ENMAP,enmap,82,83,911.968,10.2508,906.8426,917.0934,True,82.0,83.0,,Offline removal from construct_spectral_groups.ipynb: remove raw 0-based [126:141) and [160:167).
ENMAP,enmap,83,84,920.081,10.3369,914.91255,925.24945,True,83.0,84.0,,Offline removal from construct_spectral_groups.ipynb: remove raw 0-based [126:141) and [160:167).
ENMAP,enmap,84,85,921.32,9.45441,916.592795,926.0472050000001,True,84.0,85.0,,Offline removal from construct_spectral_groups.ipynb: remove raw 0-based [126:141) and [160:167).
ENMAP,enmap,85,86,928.204,10.422,922.9929999999999,933.415,True,85.0,86.0,,Offline removal from construct_spectral_groups.ipynb: remove raw 0-based [126:141) and [160:167).
ENMAP,enmap,86,87,931.203,9.58399,926.4110049999999,935.994995,True,86.0,87.0,,Offline removal from construct_spectral_groups.ipynb: remove raw 0-based [126:141) and [160:167).
ENMAP,enmap,87,88,936.335,10.5054,931.0823,941.5877,True,87.0,88.0,,Offline removal from construct_spectral_groups.ipynb: remove raw 0-based [126:141) and [160:167).
ENMAP,enmap,88,89,941.218,9.7083,936.36385,946.07215,True,88.0,89.0,,Offline removal from construct_spectral_groups.ipynb: remove raw 0-based [126:141) and [160:167).
ENMAP,enmap,89,90,944.47,10.5862,939.1769,949.7631,True,89.0,90.0,,Offline removal from construct_spectral_groups.ipynb: remove raw 0-based [126:141) and [160:167).
ENMAP,enmap,90,91,951.36,9.82789,946.446055,956.273945,True,90.0,91.0,,Offline removal from construct_spectral_groups.ipynb: remove raw 0-based [126:141) and [160:167).
ENMAP,enmap,91,92,952.608,10.6589,947.27855,957.9374499999999,True,91.0,92.0,,Offline removal from construct_spectral_groups.ipynb: remove raw 0-based [126:141) and [160:167).
ENMAP,enmap,92,93,960.748,10.716,955.3900000000001,966.106,True,92.0,93.0,,Offline removal from construct_spectral_groups.ipynb: remove raw 0-based [126:141) and [160:167).
ENMAP,enmap,93,94,961.628,9.94331,956.656345,966.5996550000001,True,93.0,94.0,,Offline removal from construct_spectral_groups.ipynb: remove raw 0-based [126:141) and [160:167).
ENMAP,enmap,94,95,968.892,10.75,963.517,974.267,True,94.0,95.0,,Offline removal from construct_spectral_groups.ipynb: remove raw 0-based [126:141) and [160:167).
ENMAP,enmap,95,96,972.016,10.0551,966.98845,977.04355,True,95.0,96.0,,Offline removal from construct_spectral_groups.ipynb: remove raw 0-based [126:141) and [160:167).
ENMAP,enmap,96,97,977.037,10.7533,971.66035,982.4136500000001,True,96.0,97.0,,Offline removal from construct_spectral_groups.ipynb: remove raw 0-based [126:141) and [160:167).
ENMAP,enmap,97,98,982.523,10.1638,977.4411,987.6049,True,97.0,98.0,,Offline removal from construct_spectral_groups.ipynb: remove raw 0-based [126:141) and [160:167).
ENMAP,enmap,98,99,985.186,10.7183,979.82685,990.54515,True,98.0,99.0,,Offline removal from construct_spectral_groups.ipynb: remove raw 0-based [126:141) and [160:167).
ENMAP,enmap,99,100,993.144,10.27,988.009,998.279,True,99.0,100.0,,Offline removal from construct_spectral_groups.ipynb: remove raw 0-based [126:141) and [160:167).
ENMAP,enmap,100,101,993.338,10.6375,988.0192499999999,998.65675,True,100.0,101.0,,Offline removal from construct_spectral_groups.ipynb: remove raw 0-based [126:141) and [160:167).
ENMAP,enmap,101,102,1003.88,10.3742,998.6929,1009.0671,True,101.0,102.0,,Offline removal from construct_spectral_groups.ipynb: remove raw 0-based [126:141) and [160:167).
ENMAP,enmap,102,103,1014.72,10.4768,1009.4816000000001,1019.9584,True,102.0,103.0,,Offline removal from construct_spectral_groups.ipynb: remove raw 0-based [126:141) and [160:167).
ENMAP,enmap,103,104,1025.66,10.5775,1020.37125,1030.94875,True,103.0,104.0,,Offline removal from construct_spectral_groups.ipynb: remove raw 0-based [126:141) and [160:167).
ENMAP,enmap,104,105,1036.7,10.6753,1031.36235,1042.03765,True,104.0,105.0,,Offline removal from construct_spectral_groups.ipynb: remove raw 0-based [126:141) and [160:167).
ENMAP,enmap,105,106,1047.84,10.769,1042.4555,1053.2244999999998,True,105.0,106.0,,Offline removal from construct_spectral_groups.ipynb: remove raw 0-based [126:141) and [160:167).
ENMAP,enmap,106,107,1059.07,10.8578,1053.6410999999998,1064.4989,True,106.0,107.0,,Offline removal from construct_spectral_groups.ipynb: remove raw 0-based [126:141) and [160:167).
ENMAP,enmap,107,108,1070.39,10.9405,1064.91975,1075.8602500000002,True,107.0,108.0,,Offline removal from construct_spectral_groups.ipynb: remove raw 0-based [126:141) and [160:167).
ENMAP,enmap,108,109,1081.78,11.0162,1076.2719,1087.2881,True,108.0,109.0,,Offline removal from construct_spectral_groups.ipynb: remove raw 0-based [126:141) and [160:167).
ENMAP,enmap,109,110,1093.26,11.0839,1087.71805,1098.80195,True,109.0,110.0,,Offline removal from construct_spectral_groups.ipynb: remove raw 0-based [126:141) and [160:167).
ENMAP,enmap,110,111,1104.81,11.1437,1099.23815,1110.38185,True,110.0,111.0,,Offline removal from construct_spectral_groups.ipynb: remove raw 0-based [126:141) and [160:167).
ENMAP,enmap,111,112,1116.43,11.196,1110.832,1122.028,True,111.0,112.0,,Offline removal from construct_spectral_groups.ipynb: remove raw 0-based [126:141) and [160:167).
ENMAP,enmap,112,113,1128.1,11.2414,1122.4793,1133.7206999999999,True,112.0,113.0,,Offline removal from construct_spectral_groups.ipynb: remove raw 0-based [126:141) and [160:167).
ENMAP,enmap,113,114,1139.84,11.2806,1134.1997,1145.4803,True,113.0,114.0,,Offline removal from construct_spectral_groups.ipynb: remove raw 0-based [126:141) and [160:167).
ENMAP,enmap,114,115,1151.62,11.3139,1145.9630499999998,1157.27695,True,114.0,115.0,,Offline removal from construct_spectral_groups.ipynb: remove raw 0-based [126:141) and [160:167).
ENMAP,enmap,115,116,1163.44,11.3421,1157.7689500000001,1169.11105,True,115.0,116.0,,Offline removal from construct_spectral_groups.ipynb: remove raw 0-based [126:141) and [160:167).
ENMAP,enmap,116,117,1175.3,11.3656,1169.6172,1180.9828,True,116.0,117.0,,Offline removal from construct_spectral_groups.ipynb: remove raw 0-based [126:141) and [160:167).
ENMAP,enmap,117,118,1187.2,11.385,1181.5075,1192.8925000000002,True,117.0,118.0,,Offline removal from construct_spectral_groups.ipynb: remove raw 0-based [126:141) and [160:167).
ENMAP,enmap,118,119,1199.11,11.4009,1193.4095499999999,1204.81045,True,118.0,119.0,,Offline removal from construct_spectral_groups.ipynb: remove raw 0-based [126:141) and [160:167).
ENMAP,enmap,119,120,1211.05,11.4135,1205.34325,1216.75675,True,119.0,120.0,,Offline removal from construct_spectral_groups.ipynb: remove raw 0-based [126:141) and [160:167).
ENMAP,enmap,120,121,1223.0,11.4229,1217.28855,1228.71145,True,120.0,121.0,,Offline removal from construct_spectral_groups.ipynb: remove raw 0-based [126:141) and [160:167).
ENMAP,enmap,121,122,1234.97,11.4292,1229.2554,1240.6846,True,121.0,122.0,,Offline removal from construct_spectral_groups.ipynb: remove raw 0-based [126:141) and [160:167).
ENMAP,enmap,122,123,1246.94,11.4325,1241.22375,1252.65625,True,122.0,123.0,,Offline removal from construct_spectral_groups.ipynb: remove raw 0-based [126:141) and [160:167).
ENMAP,enmap,123,124,1258.93,11.4329,1253.2135500000002,1264.64645,True,123.0,124.0,,Offline removal from construct_spectral_groups.ipynb: remove raw 0-based [126:141) and [160:167).
ENMAP,enmap,124,125,1270.92,11.4305,1265.20475,1276.63525,True,124.0,125.0,,Offline removal from construct_spectral_groups.ipynb: remove raw 0-based [126:141) and [160:167).
ENMAP,enmap,125,126,1282.92,11.4253,1277.2073500000001,1288.63265,True,125.0,126.0,,Offline removal from construct_spectral_groups.ipynb: remove raw 0-based [126:141) and [160:167).
ENMAP,enmap,126,127,1294.91,11.4176,1289.2012,1300.6188000000002,False,,,offline_absorption_band_removal,Offline removal from construct_spectral_groups.ipynb: remove raw 0-based [126:141) and [160:167).
ENMAP,enmap,127,128,1306.9,11.4073,1301.1963500000002,1312.60365,False,,,offline_absorption_band_removal,Offline removal from construct_spectral_groups.ipynb: remove raw 0-based [126:141) and [160:167).
ENMAP,enmap,128,129,1318.88,11.3946,1313.1827,1324.5773000000002,False,,,offline_absorption_band_removal,Offline removal from construct_spectral_groups.ipynb: remove raw 0-based [126:141) and [160:167).
ENMAP,enmap,129,130,1330.85,11.3796,1325.1601999999998,1336.5398,False,,,offline_absorption_band_removal,Offline removal from construct_spectral_groups.ipynb: remove raw 0-based [126:141) and [160:167).
ENMAP,enmap,130,131,1342.82,11.3624,1337.1388,1348.5012,False,,,offline_absorption_band_removal,Offline removal from construct_spectral_groups.ipynb: remove raw 0-based [126:141) and [160:167).
ENMAP,enmap,131,132,1354.76,11.343,1349.0885,1360.4315,False,,,offline_absorption_band_removal,Offline removal from construct_spectral_groups.ipynb: remove raw 0-based [126:141) and [160:167).
ENMAP,enmap,132,133,1366.69,11.3215,1361.02925,1372.35075,False,,,offline_absorption_band_removal,Offline removal from construct_spectral_groups.ipynb: remove raw 0-based [126:141) and [160:167).
ENMAP,enmap,133,134,1378.6,11.2981,1372.95095,1384.24905,False,,,offline_absorption_band_removal,Offline removal from construct_spectral_groups.ipynb: remove raw 0-based [126:141) and [160:167).
ENMAP,enmap,134,135,1390.48,11.2728,1384.8436,1396.1164,False,,,offline_absorption_band_removal,Offline removal from construct_spectral_groups.ipynb: remove raw 0-based [126:141) and [160:167).
ENMAP,enmap,135,136,1461.1,11.0876,1455.5562,1466.6437999999998,False,,,offline_absorption_band_removal,Offline removal from construct_spectral_groups.ipynb: remove raw 0-based [126:141) and [160:167).
ENMAP,enmap,136,137,1472.74,11.052,1467.214,1478.266,False,,,offline_absorption_band_removal,Offline removal from construct_spectral_groups.ipynb: remove raw 0-based [126:141) and [160:167).
ENMAP,enmap,137,138,1484.34,11.0151,1478.8324499999999,1489.84755,False,,,offline_absorption_band_removal,Offline removal from construct_spectral_groups.ipynb: remove raw 0-based [126:141) and [160:167).
ENMAP,enmap,138,139,1495.89,10.9772,1490.4014000000002,1501.3786,False,,,offline_absorption_band_removal,Offline removal from construct_spectral_groups.ipynb: remove raw 0-based [126:141) and [160:167).
ENMAP,enmap,139,140,1507.4,10.9383,1501.9308500000002,1512.86915,False,,,offline_absorption_band_removal,Offline removal from construct_spectral_groups.ipynb: remove raw 0-based [126:141) and [160:167).
ENMAP,enmap,140,141,1518.87,10.8984,1513.4207999999999,1524.3192,False,,,offline_absorption_band_removal,Offline removal from construct_spectral_groups.ipynb: remove raw 0-based [126:141) and [160:167).
ENMAP,enmap,141,142,1530.29,10.8577,1524.86115,1535.71885,True,126.0,127.0,,Offline removal from construct_spectral_groups.ipynb: remove raw 0-based [126:141) and [160:167).
ENMAP,enmap,142,143,1541.67,10.8161,1536.26195,1547.07805,True,127.0,128.0,,Offline removal from construct_spectral_groups.ipynb: remove raw 0-based [126:141) and [160:167).
ENMAP,enmap,143,144,1553.01,10.7738,1547.6231,1558.3969,True,128.0,129.0,,Offline removal from construct_spectral_groups.ipynb: remove raw 0-based [126:141) and [160:167).
ENMAP,enmap,144,145,1564.3,10.7308,1558.9346,1569.6653999999999,True,129.0,130.0,,Offline removal from construct_spectral_groups.ipynb: remove raw 0-based [126:141) and [160:167).
ENMAP,enmap,145,146,1575.55,10.6872,1570.2064,1580.8935999999999,True,130.0,131.0,,Offline removal from construct_spectral_groups.ipynb: remove raw 0-based [126:141) and [160:167).
ENMAP,enmap,146,147,1586.76,10.643,1581.4385,1592.0815,True,131.0,132.0,,Offline removal from construct_spectral_groups.ipynb: remove raw 0-based [126:141) and [160:167).
ENMAP,enmap,147,148,1597.91,10.5985,1592.61075,1603.20925,True,132.0,133.0,,Offline removal from construct_spectral_groups.ipynb: remove raw 0-based [126:141) and [160:167).
ENMAP,enmap,148,149,1609.02,10.5535,1603.74325,1614.29675,True,133.0,134.0,,Offline removal from construct_spectral_groups.ipynb: remove raw 0-based [126:141) and [160:167).
ENMAP,enmap,149,150,1620.09,10.5082,1614.8358999999998,1625.3441,True,134.0,135.0,,Offline removal from construct_spectral_groups.ipynb: remove raw 0-based [126:141) and [160:167).
ENMAP,enmap,150,151,1631.11,10.4626,1625.8787,1636.3412999999998,True,135.0,136.0,,Offline removal from construct_spectral_groups.ipynb: remove raw 0-based [126:141) and [160:167).
ENMAP,enmap,151,152,1642.07,10.4169,1636.8615499999999,1647.27845,True,136.0,137.0,,Offline removal from construct_spectral_groups.ipynb: remove raw 0-based [126:141) and [160:167).
ENMAP,enmap,152,153,1653.0,10.371,1647.8145,1658.1855,True,137.0,138.0,,Offline removal from construct_spectral_groups.ipynb: remove raw 0-based [126:141) and [160:167).
ENMAP,enmap,153,154,1663.87,10.3251,1658.7074499999999,1669.03255,True,138.0,139.0,,Offline removal from construct_spectral_groups.ipynb: remove raw 0-based [126:141) and [160:167).
ENMAP,enmap,154,155,1674.7,10.2793,1669.56035,1679.8396500000001,True,139.0,140.0,,Offline removal from construct_spectral_groups.ipynb: remove raw 0-based [126:141) and [160:167).
ENMAP,enmap,155,156,1685.47,10.2335,1680.3532500000001,1690.58675,True,140.0,141.0,,Offline removal from construct_spectral_groups.ipynb: remove raw 0-based [126:141) and [160:167).
ENMAP,enmap,156,157,1696.2,10.1879,1691.10605,1701.29395,True,141.0,142.0,,Offline removal from construct_spectral_groups.ipynb: remove raw 0-based [126:141) and [160:167).
ENMAP,enmap,157,158,1706.87,10.1425,1701.79875,1711.9412499999999,True,142.0,143.0,,Offline removal from construct_spectral_groups.ipynb: remove raw 0-based [126:141) and [160:167).
ENMAP,enmap,158,159,1717.5,10.0974,1712.4513,1722.5487,True,143.0,144.0,,Offline removal from construct_spectral_groups.ipynb: remove raw 0-based [126:141) and [160:167).
ENMAP,enmap,159,160,1728.08,10.0525,1723.05375,1733.1062499999998,True,144.0,145.0,,Offline removal from construct_spectral_groups.ipynb: remove raw 0-based [126:141) and [160:167).
ENMAP,enmap,160,161,1738.6,10.0079,1733.5960499999999,1743.60395,False,,,offline_absorption_band_removal,Offline removal from construct_spectral_groups.ipynb: remove raw 0-based [126:141) and [160:167).
ENMAP,enmap,161,162,1749.08,9.96359,1744.098205,1754.0617949999998,False,,,offline_absorption_band_removal,Offline removal from construct_spectral_groups.ipynb: remove raw 0-based [126:141) and [160:167).
ENMAP,enmap,162,163,1759.51,9.91949,1754.5502549999999,1764.469745,False,,,offline_absorption_band_removal,Offline removal from construct_spectral_groups.ipynb: remove raw 0-based [126:141) and [160:167).
ENMAP,enmap,163,164,1939.14,9.16572,1934.5571400000001,1943.72286,False,,,offline_absorption_band_removal,Offline removal from construct_spectral_groups.ipynb: remove raw 0-based [126:141) and [160:167).
ENMAP,enmap,164,165,1948.69,9.12592,1944.12704,1953.25296,False,,,offline_absorption_band_removal,Offline removal from construct_spectral_groups.ipynb: remove raw 0-based [126:141) and [160:167).
ENMAP,enmap,165,166,1958.2,9.08633,1953.656835,1962.743165,False,,,offline_absorption_band_removal,Offline removal from construct_spectral_groups.ipynb: remove raw 0-based [126:141) and [160:167).
ENMAP,enmap,166,167,1967.66,9.04694,1963.13653,1972.1834700000002,False,,,offline_absorption_band_removal,Offline removal from construct_spectral_groups.ipynb: remove raw 0-based [126:141) and [160:167).
ENMAP,enmap,167,168,1977.08,9.00775,1972.5761249999998,1981.583875,True,145.0,146.0,,Offline removal from construct_spectral_groups.ipynb: remove raw 0-based [126:141) and [160:167).
ENMAP,enmap,168,169,1986.45,8.96875,1981.965625,1990.934375,True,146.0,147.0,,Offline removal from construct_spectral_groups.ipynb: remove raw 0-based [126:141) and [160:167).
ENMAP,enmap,169,170,1995.79,8.92995,1991.3250249999999,2000.254975,True,147.0,148.0,,Offline removal from construct_spectral_groups.ipynb: remove raw 0-based [126:141) and [160:167).
ENMAP,enmap,170,171,2005.08,8.89134,2000.6343299999999,2009.52567,True,148.0,149.0,,Offline removal from construct_spectral_groups.ipynb: remove raw 0-based [126:141) and [160:167).
ENMAP,enmap,171,172,2014.33,8.85292,2009.90354,2018.7564599999998,True,149.0,150.0,,Offline removal from construct_spectral_groups.ipynb: remove raw 0-based [126:141) and [160:167).
ENMAP,enmap,172,173,2023.54,8.81469,2019.1326549999999,2027.947345,True,150.0,151.0,,Offline removal from construct_spectral_groups.ipynb: remove raw 0-based [126:141) and [160:167).
ENMAP,enmap,173,174,2032.7,8.77665,2028.3116750000002,2037.088325,True,151.0,152.0,,Offline removal from construct_spectral_groups.ipynb: remove raw 0-based [126:141) and [160:167).
ENMAP,enmap,174,175,2041.83,8.73878,2037.4606099999999,2046.19939,True,152.0,153.0,,Offline removal from construct_spectral_groups.ipynb: remove raw 0-based [126:141) and [160:167).
ENMAP,enmap,175,176,2050.92,8.70111,2046.569445,2055.270555,True,153.0,154.0,,Offline removal from construct_spectral_groups.ipynb: remove raw 0-based [126:141) and [160:167).
ENMAP,enmap,176,177,2059.96,8.66361,2055.6281950000002,2064.291805,True,154.0,155.0,,Offline removal from construct_spectral_groups.ipynb: remove raw 0-based [126:141) and [160:167).
ENMAP,enmap,177,178,2068.97,8.62632,2064.6568399999996,2073.28316,True,155.0,156.0,,Offline removal from construct_spectral_groups.ipynb: remove raw 0-based [126:141) and [160:167).
ENMAP,enmap,178,179,2077.93,8.58923,2073.635385,2082.2246149999996,True,156.0,157.0,,Offline removal from construct_spectral_groups.ipynb: remove raw 0-based [126:141) and [160:167).
ENMAP,enmap,179,180,2086.86,8.55236,2082.5838200000003,2091.13618,True,157.0,158.0,,Offline removal from construct_spectral_groups.ipynb: remove raw 0-based [126:141) and [160:167).
ENMAP,enmap,180,181,2095.74,8.51572,2091.4821399999996,2099.99786,True,158.0,159.0,,Offline removal from construct_spectral_groups.ipynb: remove raw 0-based [126:141) and [160:167).
ENMAP,enmap,181,182,2104.59,8.47932,2100.35034,2108.8296600000003,True,159.0,160.0,,Offline removal from construct_spectral_groups.ipynb: remove raw 0-based [126:141) and [160:167).
ENMAP,enmap,182,183,2113.4,8.44317,2109.1784150000003,2117.621585,True,160.0,161.0,,Offline removal from construct_spectral_groups.ipynb: remove raw 0-based [126:141) and [160:167).
ENMAP,enmap,183,184,2122.17,8.40728,2117.96636,2126.3736400000003,True,161.0,162.0,,Offline removal from construct_spectral_groups.ipynb: remove raw 0-based [126:141) and [160:167).
ENMAP,enmap,184,185,2130.9,8.37166,2126.71417,2135.08583,True,162.0,163.0,,Offline removal from construct_spectral_groups.ipynb: remove raw 0-based [126:141) and [160:167).
ENMAP,enmap,185,186,2139.6,8.33632,2135.4318399999997,2143.76816,True,163.0,164.0,,Offline removal from construct_spectral_groups.ipynb: remove raw 0-based [126:141) and [160:167).
ENMAP,enmap,186,187,2148.26,8.30128,2144.1093600000004,2152.41064,True,164.0,165.0,,Offline removal from construct_spectral_groups.ipynb: remove raw 0-based [126:141) and [160:167).
ENMAP,enmap,187,188,2156.88,8.26653,2152.746735,2161.013265,True,165.0,166.0,,Offline removal from construct_spectral_groups.ipynb: remove raw 0-based [126:141) and [160:167).
ENMAP,enmap,188,189,2165.47,8.2321,2161.3539499999997,2169.58605,True,166.0,167.0,,Offline removal from construct_spectral_groups.ipynb: remove raw 0-based [126:141) and [160:167).
ENMAP,enmap,189,190,2174.02,8.198,2169.921,2178.119,True,167.0,168.0,,Offline removal from construct_spectral_groups.ipynb: remove raw 0-based [126:141) and [160:167).
ENMAP,enmap,190,191,2182.53,8.16422,2178.4478900000004,2186.61211,True,168.0,169.0,,Offline removal from construct_spectral_groups.ipynb: remove raw 0-based [126:141) and [160:167).
ENMAP,enmap,191,192,2191.01,8.13079,2186.944605,2195.0753950000003,True,169.0,170.0,,Offline removal from construct_spectral_groups.ipynb: remove raw 0-based [126:141) and [160:167).
ENMAP,enmap,192,193,2199.45,8.09771,2195.401145,2203.498855,True,170.0,171.0,,Offline removal from construct_spectral_groups.ipynb: remove raw 0-based [126:141) and [160:167).
ENMAP,enmap,193,194,2207.86,8.065,2203.8275000000003,2211.8925,True,171.0,172.0,,Offline removal from construct_spectral_groups.ipynb: remove raw 0-based [126:141) and [160:167).
ENMAP,enmap,194,195,2216.24,8.03267,2212.223665,2220.2563349999996,True,172.0,173.0,,Offline removal from construct_spectral_groups.ipynb: remove raw 0-based [126:141) and [160:167).
ENMAP,enmap,195,196,2224.58,8.00072,2220.57964,2228.58036,True,173.0,174.0,,Offline removal from construct_spectral_groups.ipynb: remove raw 0-based [126:141) and [160:167).
ENMAP,enmap,196,197,2232.89,7.96916,2228.90542,2236.8745799999997,True,174.0,175.0,,Offline removal from construct_spectral_groups.ipynb: remove raw 0-based [126:141) and [160:167).
ENMAP,enmap,197,198,2241.16,7.93802,2237.19099,2245.1290099999997,True,175.0,176.0,,Offline removal from construct_spectral_groups.ipynb: remove raw 0-based [126:141) and [160:167).
ENMAP,enmap,198,199,2249.4,7.90728,2245.44636,2253.3536400000003,True,176.0,177.0,,Offline removal from construct_spectral_groups.ipynb: remove raw 0-based [126:141) and [160:167).
ENMAP,enmap,199,200,2257.61,7.87694,2253.67153,2261.54847,True,177.0,178.0,,Offline removal from construct_spectral_groups.ipynb: remove raw 0-based [126:141) and [160:167).
ENMAP,enmap,200,201,2265.79,7.84695,2261.866525,2269.713475,True,178.0,179.0,,Offline removal from construct_spectral_groups.ipynb: remove raw 0-based [126:141) and [160:167).
ENMAP,enmap,201,202,2273.93,7.81727,2270.021365,2277.8386349999996,True,179.0,180.0,,Offline removal from construct_spectral_groups.ipynb: remove raw 0-based [126:141) and [160:167).
ENMAP,enmap,202,203,2282.04,7.78785,2278.146075,2285.933925,True,180.0,181.0,,Offline removal from construct_spectral_groups.ipynb: remove raw 0-based [126:141) and [160:167).
ENMAP,enmap,203,204,2290.12,7.75866,2286.2406699999997,2293.99933,True,181.0,182.0,,Offline removal from construct_spectral_groups.ipynb: remove raw 0-based [126:141) and [160:167).
ENMAP,enmap,204,205,2298.17,7.72966,2294.30517,2302.03483,True,182.0,183.0,,Offline removal from construct_spectral_groups.ipynb: remove raw 0-based [126:141) and [160:167).
ENMAP,enmap,205,206,2306.19,7.70079,2302.339605,2310.040395,True,183.0,184.0,,Offline removal from construct_spectral_groups.ipynb: remove raw 0-based [126:141) and [160:167).
ENMAP,enmap,206,207,2314.17,7.67203,2310.333985,2318.006015,True,184.0,185.0,,Offline removal from construct_spectral_groups.ipynb: remove raw 0-based [126:141) and [160:167).
ENMAP,enmap,207,208,2322.13,7.64333,2318.308335,2325.951665,True,185.0,186.0,,Offline removal from construct_spectral_groups.ipynb: remove raw 0-based [126:141) and [160:167).
ENMAP,enmap,208,209,2330.05,7.61464,2326.2426800000003,2333.85732,True,186.0,187.0,,Offline removal from construct_spectral_groups.ipynb: remove raw 0-based [126:141) and [160:167).
ENMAP,enmap,209,210,2337.94,7.58593,2334.147035,2341.732965,True,187.0,188.0,,Offline removal from construct_spectral_groups.ipynb: remove raw 0-based [126:141) and [160:167).
ENMAP,enmap,210,211,2345.81,7.55715,2342.031425,2349.5885749999998,True,188.0,189.0,,Offline removal from construct_spectral_groups.ipynb: remove raw 0-based [126:141) and [160:167).
ENMAP,enmap,211,212,2353.64,7.52827,2349.875865,2357.4041349999998,True,189.0,190.0,,Offline removal from construct_spectral_groups.ipynb: remove raw 0-based [126:141) and [160:167).
ENMAP,enmap,212,213,2361.44,7.49924,2357.69038,2365.18962,True,190.0,191.0,,Offline removal from construct_spectral_groups.ipynb: remove raw 0-based [126:141) and [160:167).
ENMAP,enmap,213,214,2369.21,7.47001,2365.474995,2372.945005,True,191.0,192.0,,Offline removal from construct_spectral_groups.ipynb: remove raw 0-based [126:141) and [160:167).
ENMAP,enmap,214,215,2376.95,7.44055,2373.2297249999997,2380.670275,True,192.0,193.0,,Offline removal from construct_spectral_groups.ipynb: remove raw 0-based [126:141) and [160:167).
ENMAP,enmap,215,216,2384.66,7.41082,2380.95459,2388.36541,True,193.0,194.0,,Offline removal from construct_spectral_groups.ipynb: remove raw 0-based [126:141) and [160:167).
ENMAP,enmap,216,217,2392.34,7.38077,2388.6496150000003,2396.030385,True,194.0,195.0,,Offline removal from construct_spectral_groups.ipynb: remove raw 0-based [126:141) and [160:167).
ENMAP,enmap,217,218,2400.0,7.35037,2396.324815,2403.675185,True,195.0,196.0,,Offline removal from construct_spectral_groups.ipynb: remove raw 0-based [126:141) and [160:167).
ENMAP,enmap,218,219,2407.62,7.31957,2403.960215,2411.2797849999997,True,196.0,197.0,,Offline removal from construct_spectral_groups.ipynb: remove raw 0-based [126:141) and [160:167).
ENMAP,enmap,219,220,2415.21,7.28832,2411.56584,2418.85416,True,197.0,198.0,,Offline removal from construct_spectral_groups.ipynb: remove raw 0-based [126:141) and [160:167).
ENMAP,enmap,220,221,2422.78,7.25659,2419.151705,2426.408295,True,198.0,199.0,,Offline removal from construct_spectral_groups.ipynb: remove raw 0-based [126:141) and [160:167).
ENMAP,enmap,221,222,2430.32,7.22434,2426.7078300000003,2433.93217,True,199.0,200.0,,Offline removal from construct_spectral_groups.ipynb: remove raw 0-based [126:141) and [160:167).
ENMAP,enmap,222,223,2437.82,7.19152,2434.22424,2441.4157600000003,True,200.0,201.0,,Offline removal from construct_spectral_groups.ipynb: remove raw 0-based [126:141) and [160:167).
ENMAP,enmap,223,224,2445.3,7.1581,2441.7209500000004,2448.87905,True,201.0,202.0,,Offline removal from construct_spectral_groups.ipynb: remove raw 0-based [126:141) and [160:167).
