sensor,variant,processed_index_0based,processed_index_1based,raw_index_0based,raw_index_1based,wavelength_nm,width_nm,lower_edge_nm,upper_edge_nm,description
ENMAP,enmap,0,1,0,1,418.416,6.99561,414.91819499999997,421.913805,Offline removal from construct_spectral_groups.ipynb: remove raw 0-based [126:141) and [160:167).
ENMAP,enmap,1,2,1,2,424.043,6.6675,420.70925,427.37675,Offline removal from construct_spectral_groups.ipynb: remove raw 0-based [126:141) and [160:167).
ENMAP,enmap,2,3,2,3,429.457,6.42408,426.24496,432.66904,Offline removal from construct_spectral_groups.ipynb: remove raw 0-based [126:141) and [160:167).
ENMAP,enmap,3,4,3,4,434.686,6.25124,431.56037999999995,437.81162,Offline removal from construct_spectral_groups.ipynb: remove raw 0-based [126:141) and [160:167).
ENMAP,enmap,4,5,4,5,439.758,6.13485,436.69057499999997,442.825425,Offline removal from construct_spectral_groups.ipynb: remove raw 0-based [126:141) and [160:167).
ENMAP,enmap,5,6,5,6,444.699,6.06076,441.66862000000003,447.72938,Offline removal from construct_spectral_groups.ipynb: remove raw 0-based [126:141) and [160:167).
ENMAP,enmap,6,7,6,7,449.539,6.01486,446.53157,452.54643,Offline removal from construct_spectral_groups.ipynb: remove raw 0-based [126:141) and [160:167).
ENMAP,enmap,7,8,7,8,454.306,5.98302,451.31449,457.29751,Offline removal from construct_spectral_groups.ipynb: remove raw 0-based [126:141) and [160:167).
ENMAP,enmap,8,9,8,9,459.031,5.95232,456.05484,462.00716,Offline removal from construct_spectral_groups.ipynb: remove raw 0-based [126:141) and [160:167).
ENMAP,enmap,9,10,9,10,463.73,5.9199,460.77005,466.68995,Offline removal from construct_spectral_groups.ipynb: remove raw 0-based [126:141) and [160:167).
ENMAP,enmap,10,11,10,11,468.411,5.88775,465.467125,471.354875,Offline removal from construct_spectral_groups.ipynb: remove raw 0-based [126:141) and [160:167).
ENMAP,enmap,11,12,11,12,473.08,5.8579,470.15105,476.00894999999997,Offline removal from construct_spectral_groups.ipynb: remove raw 0-based [126:141) and [160:167).
ENMAP,enmap,12,13,12,13,477.744,5.83239,474.827805,480.66019500000004,Offline removal from construct_spectral_groups.ipynb: remove raw 0-based [126:141) and [160:167).
ENMAP,enmap,13,14,13,14,482.411,5.81325,479.504375,485.317625,Offline removal from construct_spectral_groups.ipynb: remove raw 0-based [126:141) and [160:167).
ENMAP,enmap,14,15,14,15,487.087,5.8025,484.18575,489.98825,Offline removal from construct_spectral_groups.ipynb: remove raw 0-based [126:141) and [160:167).
ENMAP,enmap,15,16,15,16,491.78,5.8022,488.8789,494.68109999999996,Offline removal from construct_spectral_groups.ipynb: remove raw 0-based [126:141) and [160:167).
ENMAP,enmap,16,17,16,17,496.497,5.81407,493.589965,499.404035,Offline removal from construct_spectral_groups.ipynb: remove raw 0-based [126:141) and [160:167).
ENMAP,enmap,17,18,17,18,501.243,5.83751,498.324245,504.16175499999997,Offline removal from construct_spectral_groups.ipynb: remove raw 0-based [126:141) and [160:167).
ENMAP,enmap,18,19,18,19,506.02,5.87076,503.08462,508.95538,Offline removal from construct_spectral_groups.ipynb: remove raw 0-based [126:141) and [160:167).
ENMAP,enmap,19,20,19,20,510.829,5.91208,507.87296000000003,513.78504,Offline removal from construct_spectral_groups.ipynb: remove raw 0-based [126:141) and [160:167).
ENMAP,enmap,20,21,20,21,515.672,5.95969,512.6921550000001,518.651845,Offline removal from construct_spectral_groups.ipynb: remove raw 0-based [126:141) and [160:167).
ENMAP,enmap,21,22,21,22,520.551,6.01183,517.5450850000001,523.556915,Offline removal from construct_spectral_groups.ipynb: remove raw 0-based [126:141) and [160:167).
ENMAP,enmap,22,23,22,23,525.467,6.06674,522.43363,528.50037,Offline removal from construct_spectral_groups.ipynb: remove raw 0-based [126:141) and [160:167).
ENMAP,enmap,23,24,23,24,530.424,6.12279,527.362605,533.4853949999999,Offline removal from construct_spectral_groups.ipynb: remove raw 0-based [126:141) and [160:167).
ENMAP,enmap,24,25,24,25,535.422,6.1794,532.3323,538.5117,Offline removal from construct_spectral_groups.ipynb: remove raw 0-based [126:141) and [160:167).
ENMAP,enmap,25,26,25,26,540.463,6.23648,537.34476,543.58124,Offline removal from construct_spectral_groups.ipynb: remove raw 0-based [126:141) and [160:167).
ENMAP,enmap,26,27,26,27,545.551,6.29397,542.4040150000001,548.697985,Offline removal from construct_spectral_groups.ipynb: remove raw 0-based [126:141) and [160:167).
ENMAP,enmap,27,28,27,28,550.687,6.35179,547.511105,553.862895,Offline removal from construct_spectral_groups.ipynb: remove raw 0-based [126:141) and [160:167).
ENMAP,enmap,28,29,28,29,555.873,6.40987,552.6680650000001,559.077935,Offline removal from construct_spectral_groups.ipynb: remove raw 0-based [126:141) and [160:167).
ENMAP,enmap,29,30,29,30,561.112,6.46815,557.877925,564.3460749999999,Offline removal from construct_spectral_groups.ipynb: remove raw 0-based [126:141) and [160:167).
ENMAP,enmap,30,31,30,31,566.405,6.52654,563.1417299999999,569.66827,Offline removal from construct_spectral_groups.ipynb: remove raw 0-based [126:141) and [160:167).
ENMAP,enmap,31,32,31,32,571.756,6.58497,568.4635149999999,575.048485,Offline removal from construct_spectral_groups.ipynb: remove raw 0-based [126:141) and [160:167).
ENMAP,enmap,32,33,32,33,577.166,6.64338,573.8443100000001,580.48769,Offline removal from construct_spectral_groups.ipynb: remove raw 0-based [126:141) and [160:167).
ENMAP,enmap,33,34,33,34,582.636,6.70177,579.285115,585.9868849999999,Offline removal from construct_spectral_groups.ipynb: remove raw 0-based [126:141) and [160:167).
ENMAP,enmap,34,35,34,35,588.171,6.76072,584.79064,591.55136,Offline removal from construct_spectral_groups.ipynb: remove raw 0-based [126:141) and [160:167).
ENMAP,enmap,35,36,35,36,593.773,6.82113,590.362435,597.183565,Offline removal from construct_spectral_groups.ipynb: remove raw 0-based [126:141) and [160:167).
ENMAP,enmap,36,37,36,37,599.446,6.88388,596.00406,602.8879400000001,Offline removal from construct_spectral_groups.ipynb: remove raw 0-based [126:141) and [160:167).
ENMAP,enmap,37,38,37,38,605.193,6.94987,601.718065,608.6679349999999,Offline removal from construct_spectral_groups.ipynb: remove raw 0-based [126:141) and [160:167).
ENMAP,enmap,38,39,38,39,611.017,7.01999,607.507005,614.526995,Offline removal from construct_spectral_groups.ipynb: remove raw 0-based [126:141) and [160:167).
ENMAP,enmap,39,40,39,40,616.923,7.09511,613.375445,620.470555,Offline removal from construct_spectral_groups.ipynb: remove raw 0-based [126:141) and [160:167).
ENMAP,enmap,40,41,40,41,622.921,7.17533,619.333335,626.5086650000001,Offline removal from construct_spectral_groups.ipynb: remove raw 0-based [126:141) and [160:167).
ENMAP,enmap,41,42,41,42,628.987,7.25495,625.359525,632.614475,Offline removal from construct_spectral_groups.ipynb: remove raw 0-based [126:141) and [160:167).
ENMAP,enmap,42,43,42,43,635.112,7.33145,631.446275,638.7777249999999,Offline removal from construct_spectral_groups.ipynb: remove raw 0-based [126:141) and [160:167).
ENMAP,enmap,43,44,43,44,641.294,7.40537,637.591315,644.996685,Offline removal from construct_spectral_groups.ipynb: remove raw 0-based [126:141) and [160:167).
ENMAP,enmap,44,45,44,45,647.537,7.47729,643.798355,651.275645,Offline removal from construct_spectral_groups.ipynb: remove raw 0-based [126:141) and [160:167).
ENMAP,enmap,45,46,45,46,653.841,7.54777,650.0671150000001,657.614885,Offline removal from construct_spectral_groups.ipynb: remove raw 0-based [126:141) and [160:167).
ENMAP,enmap,46,47,46,47,660.207,7.61738,656.39831,664.01569,Offline removal from construct_spectral_groups.ipynb: remove raw 0-based [126:141) and [160:167).
ENMAP,enmap,47,48,47,48,666.637,7.68669,662.793655,670.4803449999999,Offline removal from construct_spectral_groups.ipynb: remove raw 0-based [126:141) and [160:167).
ENMAP,enmap,48,49,48,49,673.131,7.75628,669.2528599999999,677.00914,Offline removal from construct_spectral_groups.ipynb: remove raw 0-based [126:141) and [160:167).
ENMAP,enmap,49,50,49,50,679.691,7.8267,675.77765,683.6043500000001,Offline removal from construct_spectral_groups.ipynb: remove raw 0-based [126:141) and [160:167).
ENMAP,enmap,50,51,50,51,686.319,7.89853,682.369735,690.2682649999999,Offline removal from construct_spectral_groups.ipynb: remove raw 0-based [126:141) and [160:167).
ENMAP,enmap,51,52,51,52,693.014,7.97235,689.027825,697.000175,Offline removal from construct_spectral_groups.ipynb: remove raw 0-based [126:141) and [160:167).
ENMAP,enmap,52,53,52,53,699.78,8.04871,695.755645,703.804355,Offline removal from construct_spectral_groups.ipynb: remove raw 0-based [126:141) and [160:167).
ENMAP,enmap,53,54,53,54,706.617,8.1281,702.55295,710.6810499999999,Offline removal from construct_spectral_groups.ipynb: remove raw 0-based [126:141) and [160:167).
ENMAP,enmap,54,55,54,55,713.524,8.2102,709.4189,717.6291,Offline removal from construct_spectral_groups.ipynb: remove raw 0-based [126:141) and [160:167).
ENMAP,enmap,55,56,55,56,720.501,8.29433,716.353835,724.648165,Offline removal from construct_spectral_groups.ipynb: remove raw 0-based [126:141) and [160:167).
ENMAP,enmap,56,57,56,57,727.545,8.3798,723.3551,731.7348999999999,Offline removal from construct_spectral_groups.ipynb: remove raw 0-based [126:141) and [160:167).
ENMAP,enmap,57,58,57,58,734.654,8.46592,730.42104,738.88696,Offline removal from construct_spectral_groups.ipynb: remove raw 0-based [126:141) and [160:167).
ENMAP,enmap,58,59,58,59,741.826,8.552,737.5500000000001,746.102,Offline removal from construct_spectral_groups.ipynb: remove raw 0-based [126:141) and [160:167).
ENMAP,enmap,59,60,59,60,749.06,8.63735,744.741325,753.3786749999999,Offline removal from construct_spectral_groups.ipynb: remove raw 0-based [126:141) and [160:167).
ENMAP,enmap,60,61,60,61,756.353,8.72128,751.99236,760.7136399999999,Offline removal from construct_spectral_groups.ipynb: remove raw 0-based [126:141) and [160:167).
ENMAP,enmap,61,62,61,62,763.703,8.80311,759.301445,768.104555,Offline removal from construct_spectral_groups.ipynb: remove raw 0-based [126:141) and [160:167).
ENMAP,enmap,62,63,62,63,771.108,8.88214,766.66693,775.5490699999999,Offline removal from construct_spectral_groups.ipynb: remove raw 0-based [126:141) and [160:167).
ENMAP,enmap,63,64,63,64,778.567,8.95779,774.088105,783.045895,Offline removal from construct_spectral_groups.ipynb: remove raw 0-based [126:141) and [160:167).
ENMAP,enmap,64,65,64,65,786.078,9.03034,781.56283,790.59317,Offline removal from construct_spectral_groups.ipynb: remove raw 0-based [126:141) and [160:167).
ENMAP,enmap,65,66,65,66,793.639,9.1005,789.08875,798.18925,Offline removal from construct_spectral_groups.ipynb: remove raw 0-based [126:141) and [160:167).
ENMAP,enmap,66,67,66,67,801.249,9.16897,796.664515,805.833485,Offline removal from construct_spectral_groups.ipynb: remove raw 0-based [126:141) and [160:167).
ENMAP,enmap,67,68,67,68,808.905,9.23646,804.2867699999999,813.52323,Offline removal from construct_spectral_groups.ipynb: remove raw 0-based [126:141) and [160:167).
ENMAP,enmap,68,69,68,69,816.608,9.30368,811.95616,821.2598399999999,Offline removal from construct_spectral_groups.ipynb: remove raw 0-based [126:141) and [160:167).
ENMAP,enmap,69,70,69,70,824.355,9.37133,819.669335,829.040665,Offline removal from construct_spectral_groups.ipynb: remove raw 0-based [126:141) and [160:167).
ENMAP,enmap,70,71,70,71,832.145,9.44012,827.42494,836.86506,Offline removal from construct_spectral_groups.ipynb: remove raw 0-based [126:141) and [160:167).
ENMAP,enmap,71,72,71,72,839.976,9.51076,835.22062,844.73138,Offline removal from construct_spectral_groups.ipynb: remove raw 0-based [126:141) and [160:167).
ENMAP,enmap,72,73,72,73,847.847,9.58396,843.05502,852.63898,Offline removal from construct_spectral_groups.ipynb: remove raw 0-based [126:141) and [160:167).
ENMAP,enmap,73,74,73,74,855.757,9.66032,850.92684,860.5871599999999,Offline removal from construct_spectral_groups.ipynb: remove raw 0-based [126:141) and [160:167).
ENMAP,enmap,74,75,74,75,863.703,9.73971,858.833145,868.572855,Offline removal from construct_spectral_groups.ipynb: remove raw 0-based [126:141) and [160:167).
ENMAP,enmap,75,76,75,76,871.683,9.82161,866.772195,876.593805,Offline removal from construct_spectral_groups.ipynb: remove raw 0-based [126:141) and [160:167).
ENMAP,enmap,76,77,76,77,879.693,9.90551,874.740245,884.645755,Offline removal from construct_spectral_groups.ipynb: remove raw 0-based [126:141) and [160:167).
ENMAP,enmap,77,78,77,78,887.729,9.99089,882.733555,892.7244450000001,Offline removal from construct_spectral_groups.ipynb: remove raw 0-based [126:141) and [160:167).
ENMAP,enmap,78,79,78,79,895.789,10.0772,890.7504,900.8276,Offline removal from construct_spectral_groups.ipynb: remove raw 0-based [126:141) and [160:167).
ENMAP,enmap,79,80,79,80,901.961,9.17725,897.372375,906.549625,Offline removal from construct_spectral_groups.ipynb: remove raw 0-based [126:141) and [160:167).
ENMAP,enmap,80,81,80,81,903.87,10.164,898.788,908.952,Offline removal from construct_spectral_groups.ipynb: remove raw 0-based [126:141) and [160:167).
ENMAP,enmap,81,82,81,82,911.571,9.31901,906.9114950000001,916.230505,Offline removal from construct_spectral_groups.ipynb: remove raw 0-based [126:141) and [160:167).
ENMAP,enmap,82,83,82,83,911.968,10.2508,906.8426,917.0934,Offline removal from construct_spectral_groups.ipynb: remove raw 0-based [126:141) and [160:167).
ENMAP,enmap,83,84,83,84,920.081,10.3369,914.91255,925.24945,Offline removal from construct_spectral_groups.ipynb: remove raw 0-based [126:141) and [160:167).
ENMAP,enmap,84,85,84,85,921.32,9.45441,916.592795,926.0472050000001,Offline removal from construct_spectral_groups.ipynb: remove raw 0-based [126:141) and [160:167).
ENMAP,enmap,85,86,85,86,928.204,10.422,922.9929999999999,933.415,Offline removal from construct_spectral_groups.ipynb: remove raw 0-based [126:141) and [160:167).
ENMAP,enmap,86,87,86,87,931.203,9.58399,926.4110049999999,935.994995,Offline removal from construct_spectral_groups.ipynb: remove raw 0-based [126:141) and [160:167).
ENMAP,enmap,87,88,87,88,936.335,10.5054,931.0823,941.5877,Offline removal from construct_spectral_groups.ipynb: remove raw 0-based [126:141) and [160:167).
ENMAP,enmap,88,89,88,89,941.218,9.7083,936.36385,946.07215,Offline removal from construct_spectral_groups.ipynb: remove raw 0-based [126:141) and [160:167).
ENMAP,enmap,89,90,89,90,944.47,10.5862,939.1769,949.7631,Offline removal from construct_spectral_groups.ipynb: remove raw 0-based [126:141) and [160:167).
ENMAP,enmap,90,91,90,91,951.36,9.82789,946.446055,956.273945,Offline removal from construct_spectral_groups.ipynb: remove raw 0-based [126:141) and [160:167).
ENMAP,enmap,91,92,91,92,952.608,10.6589,947.27855,957.9374499999999,Offline removal from construct_spectral_groups.ipynb: remove raw 0-based [126:141) and [160:167).
ENMAP,enmap,92,93,92,93,960.748,10.716,955.3900000000001,966.106,Offline removal from construct_spectral_groups.ipynb: remove raw 0-based [126:141) and [160:167).
ENMAP,enmap,93,94,93,94,961.628,9.94331,956.656345,966.5996550000001,Offline removal from construct_spectral_groups.ipynb: remove raw 0-based [126:141) and [160:167).
ENMAP,enmap,94,95,94,95,968.892,10.75,963.517,974.267,Offline removal from construct_spectral_groups.ipynb: remove raw 0-based [126:141) and [160:167).
ENMAP,enmap,95,96,95,96,972.016,10.0551,966.98845,977.04355,Offline removal from construct_spectral_groups.ipynb: remove raw 0-based [126:141) and [160:167).
ENMAP,enmap,96,97,96,97,977.037,10.7533,971.66035,982.4136500000001,Offline removal from construct_spectral_groups.ipynb: remove raw 0-based [126:141) and [160:167).
ENMAP,enmap,97,98,97,98,982.523,10.1638,977.4411,987.6049,Offline removal from construct_spectral_groups.ipynb: remove raw 0-based [126:141) and [160:167).
ENMAP,enmap,98,99,98,99,985.186,10.7183,979.82685,990.54515,Offline removal from construct_spectral_groups.ipynb: remove raw 0-based [126:141) and [160:167).
ENMAP,enmap,99,100,99,100,993.144,10.27,988.009,998.279,Offline removal from construct_spectral_groups.ipynb: remove raw 0-based [126:141) and [160:167).
ENMAP,enmap,100,101,100,101,993.338,10.6375,988.0192499999999,998.65675,Offline removal from construct_spectral_groups.ipynb: remove raw 0-based [126:141) and [160:167).
ENMAP,enmap,101,102,101,102,1003.88,10.3742,998.6929,1009.0671,Offline removal from construct_spectral_groups.ipynb: remove raw 0-based [126:141) and [160:167).
ENMAP,enmap,102,103,102,103,1014.72,10.4768,1009.4816000000001,1019.9584,Offline removal from construct_spectral_groups.ipynb: remove raw 0-based [126:141) and [160:167).
ENMAP,enmap,103,104,103,104,1025.66,10.5775,1020.37125,1030.94875,Offline removal from construct_spectral_groups.ipynb: remove raw 0-based [126:141) and [160:167).
ENMAP,enmap,104,105,104,105,1036.7,10.6753,1031.36235,1042.03765,Offline removal from construct_spectral_groups.ipynb: remove raw 0-based [126:141) and [160:167).
ENMAP,enmap,105,106,105,106,1047.84,10.769,1042.4555,1053.2244999999998,Offline removal from construct_spectral_groups.ipynb: remove raw 0-based [126:141) and [160:167).
ENMAP,enmap,106,107,106,107,1059.07,10.8578,1053.6410999999998,1064.4989,Offline removal from construct_spectral_groups.ipynb: remove raw 0-based [126:141) and [160:167).
ENMAP,enmap,107,108,107,108,1070.39,10.9405,1064.91975,1075.8602500000002,Offline removal from construct_spectral_groups.ipynb: remove raw 0-based [126:141) and [160:167).
ENMAP,enmap,108,109,108,109,1081.78,11.0162,1076.2719,1087.2881,Offline removal from construct_spectral_groups.ipynb: remove raw 0-based [126:141) and [160:167).
ENMAP,enmap,109,110,109,110,1093.26,11.0839,1087.71805,1098.80195,Offline removal from construct_spectral_groups.ipynb: remove raw 0-based [126:141) and [160:167).
ENMAP,enmap,110,111,110,111,1104.81,11.1437,1099.23815,1110.38185,Offline removal from construct_spectral_groups.ipynb: remove raw 0-based [126:141) and [160:167).
ENMAP,enmap,111,112,111,112,1116.43,11.196,1110.832,1122.028,Offline removal from construct_spectral_groups.ipynb: remove raw 0-based [126:141) and [160:167).
ENMAP,enmap,112,113,112,113,1128.1,11.2414,1122.4793,1133.7206999999999,Offline removal from construct_spectral_groups.ipynb: remove raw 0-based [126:141) and [160:167).
ENMAP,enmap,113,114,113,114,1139.84,11.2806,1134.1997,1145.4803,Offline removal from construct_spectral_groups.ipynb: remove raw 0-based [126:141) and [160:167).
ENMAP,enmap,114,115,114,115,1151.62,11.3139,1145.9630499999998,1157.27695,Offline removal from construct_spectral_groups.ipynb: remove raw 0-based [126:141) and [160:167).
ENMAP,enmap,115,116,115,116,1163.44,11.3421,1157.7689500000001,1169.11105,Offline removal from construct_spectral_groups.ipynb: remove raw 0-based [126:141) and [160:167).
ENMAP,enmap,116,117,116,117,1175.3,11.3656,1169.6172,1180.9828,Offline removal from construct_spectral_groups.ipynb: remove raw 0-based [126:141) and [160:167).
ENMAP,enmap,117,118,117,118,1187.2,11.385,1181.5075,1192.8925000000002,Offline removal from construct_spectral_groups.ipynb: remove raw 0-based [126:141) and [160:167).
ENMAP,enmap,118,119,118,119,1199.11,11.4009,1193.4095499999999,1204.81045,Offline removal from construct_spectral_groups.ipynb: remove raw 0-based [126:141) and [160:167).
ENMAP,enmap,119,120,119,120,1211.05,11.4135,1205.34325,1216.75675,Offline removal from construct_spectral_groups.ipynb: remove raw 0-based [126:141) and [160:167).
ENMAP,enmap,120,121,120,121,1223.0,11.4229,1217.28855,1228.71145,Offline removal from construct_spectral_groups.ipynb: remove raw 0-based [126:141) and [160:167).
ENMAP,enmap,121,122,121,122,1234.97,11.4292,1229.2554,1240.6846,Offline removal from construct_spectral_groups.ipynb: remove raw 0-based [126:141) and [160:167).
ENMAP,enmap,122,123,122,123,1246.94,11.4325,1241.22375,1252.65625,Offline removal from construct_spectral_groups.ipynb: remove raw 0-based [126:141) and [160:167).
ENMAP,enmap,123,124,123,124,1258.93,11.4329,1253.2135500000002,1264.64645,Offline removal from construct_spectral_groups.ipynb: remove raw 0-based [126:141) and [160:167).
ENMAP,enmap,124,125,124,125,1270.92,11.4305,1265.20475,1276.63525,Offline removal from construct_spectral_groups.ipynb: remove raw 0-based [126:141) and [160:167).
ENMAP,enmap,125,126,125,126,1282.92,11.4253,1277.2073500000001,1288.63265,Offline removal from construct_spectral_groups.ipynb: remove raw 0-based [126:141) and [160:167).
ENMAP,enmap,126,127,141,142,1530.29,10.8577,1524.86115,1535.71885,Offline removal from construct_spectral_groups.ipynb: remove raw 0-based [126:141) and [160:167).
ENMAP,enmap,127,128,142,143,1541.67,10.8161,1536.26195,1547.07805,Offline removal from construct_spectral_groups.ipynb: remove raw 0-based [126:141) and [160:167).
ENMAP,enmap,128,129,143,144,1553.01,10.7738,1547.6231,1558.3969,Offline removal from construct_spectral_groups.ipynb: remove raw 0-based [126:141) and [160:167).
ENMAP,enmap,129,130,144,145,1564.3,10.7308,1558.9346,1569.6653999999999,Offline removal from construct_spectral_groups.ipynb: remove raw 0-based [126:141) and [160:167).
ENMAP,enmap,130,131,145,146,1575.55,10.6872,1570.2064,1580.8935999999999,Offline removal from construct_spectral_groups.ipynb: remove raw 0-based [126:141) and [160:167).
ENMAP,enmap,131,132,146,147,1586.76,10.643,1581.4385,1592.0815,Offline removal from construct_spectral_groups.ipynb: remove raw 0-based [126:141) and [160:167).
ENMAP,enmap,132,133,147,148,1597.91,10.5985,1592.61075,1603.20925,Offline removal from construct_spectral_groups.ipynb: remove raw 0-based [126:141) and [160:167).
ENMAP,enmap,133,134,148,149,1609.02,10.5535,1603.74325,1614.29675,Offline removal from construct_spectral_groups.ipynb: remove raw 0-based [126:141) and [160:167).
ENMAP,enmap,134,135,149,150,1620.09,10.5082,1614.8358999999998,1625.3441,Offline removal from construct_spectral_groups.ipynb: remove raw 0-based [126:141) and [160:167).
ENMAP,enmap,135,136,150,151,1631.11,10.4626,1625.8787,1636.3412999999998,Offline removal from construct_spectral_groups.ipynb: remove raw 0-based [126:141) and [160:167).
ENMAP,enmap,136,137,151,152,1642.07,10.4169,1636.8615499999999,1647.27845,Offline removal from construct_spectral_groups.ipynb: remove raw 0-based [126:141) and [160:167).
ENMAP,enmap,137,138,152,153,1653.0,10.371,1647.8145,1658.1855,Offline removal from construct_spectral_groups.ipynb: remove raw 0-based [126:141) and [160:167).
ENMAP,enmap,138,139,153,154,1663.87,10.3251,1658.7074499999999,1669.03255,Offline removal from construct_spectral_groups.ipynb: remove raw 0-based [126:141) and [160:167).
ENMAP,enmap,139,140,154,155,1674.7,10.2793,1669.56035,1679.8396500000001,Offline removal from construct_spectral_groups.ipynb: remove raw 0-based [126:141) and [160:167).
ENMAP,enmap,140,141,155,156,1685.47,10.2335,1680.3532500000001,1690.58675,Offline removal from construct_spectral_groups.ipynb: remove raw 0-based [126:141) and [160:167).
ENMAP,enmap,141,142,156,157,1696.2,10.1879,1691.10605,1701.29395,Offline removal from construct_spectral_groups.ipynb: remove raw 0-based [126:141) and [160:167).
ENMAP,enmap,142,143,157,158,1706.87,10.1425,1701.79875,1711.9412499999999,Offline removal from construct_spectral_groups.ipynb: remove raw 0-based [126:141) and [160:167).
ENMAP,enmap,143,144,158,159,1717.5,10.0974,1712.4513,1722.5487,Offline removal from construct_spectral_groups.ipynb: remove raw 0-based [126:141) and [160:167).
ENMAP,enmap,144,145,159,160,1728.08,10.0525,1723.05375,1733.1062499999998,Offline removal from construct_spectral_groups.ipynb: remove raw 0-based [126:141) and [160:167).
ENMAP,enmap,145,146,167,168,1977.08,9.00775,1972.5761249999998,1981.583875,Offline removal from construct_spectral_groups.ipynb: remove raw 0-based [126:141) and [160:167).
ENMAP,enmap,146,147,168,169,1986.45,8.96875,1981.965625,1990.934375,Offline removal from construct_spectral_groups.ipynb: remove raw 0-based [126:141) and [160:167).
ENMAP,enmap,147,148,169,170,1995.79,8.92995,1991.3250249999999,2000.254975,Offline removal from construct_spectral_groups.ipynb: remove raw 0-based [126:141) and [160:167).
ENMAP,enmap,148,149,170,171,2005.08,8.89134,2000.6343299999999,2009.52567,Offline removal from construct_spectral_groups.ipynb: remove raw 0-based [126:141) and [160:167).
ENMAP,enmap,149,150,171,172,2014.33,8.85292,2009.90354,2018.7564599999998,Offline removal from construct_spectral_groups.ipynb: remove raw 0-based [126:141) and [160:167).
ENMAP,enmap,150,151,172,173,2023.54,8.81469,2019.1326549999999,2027.947345,Offline removal from construct_spectral_groups.ipynb: remove raw 0-based [126:141) and [160:167).
ENMAP,enmap,151,152,173,174,2032.7,8.77665,2028.3116750000002,2037.088325,Offline removal from construct_spectral_groups.ipynb: remove raw 0-based [126:141) and [160:167).
ENMAP,enmap,152,153,174,175,2041.83,8.73878,2037.4606099999999,2046.19939,Offline removal from construct_spectral_groups.ipynb: remove raw 0-based [126:141) and [160:167).
ENMAP,enmap,153,154,175,176,2050.92,8.70111,2046.569445,2055.270555,Offline removal from construct_spectral_groups.ipynb: remove raw 0-based [126:141) and [160:167).
ENMAP,enmap,154,155,176,177,2059.96,8.66361,2055.6281950000002,2064.291805,Offline removal from construct_spectral_groups.ipynb: remove raw 0-based [126:141) and [160:167).
ENMAP,enmap,155,156,177,178,2068.97,8.62632,2064.6568399999996,2073.28316,Offline removal from construct_spectral_groups.ipynb: remove raw 0-based [126:141) and [160:167).
ENMAP,enmap,156,157,178,179,2077.93,8.58923,2073.635385,2082.2246149999996,Offline removal from construct_spectral_groups.ipynb: remove raw 0-based [126:141) and [160:167).
ENMAP,enmap,157,158,179,180,2086.86,8.55236,2082.5838200000003,2091.13618,Offline removal from construct_spectral_groups.ipynb: remove raw 0-based [126:141) and [160:167).
ENMAP,enmap,158,159,180,181,2095.74,8.51572,2091.4821399999996,2099.99786,Offline removal from construct_spectral_groups.ipynb: remove raw 0-based [126:141) and [160:167).
ENMAP,enmap,159,160,181,182,2104.59,8.47932,2100.35034,2108.8296600000003,Offline removal from construct_spectral_groups.ipynb: remove raw 0-based [126:141) and [160:167).
ENMAP,enmap,160,161,182,183,2113.4,8.44317,2109.1784150000003,2117.621585,Offline removal from construct_spectral_groups.ipynb: remove raw 0-based [126:141) and [160:167).
ENMAP,enmap,161,162,183,184,2122.17,8.40728,2117.96636,2126.3736400000003,Offline removal from construct_spectral_groups.ipynb: remove raw 0-based [126:141) and [160:167).
ENMAP,enmap,162,163,184,185,2130.9,8.37166,2126.71417,2135.08583,Offline removal from construct_spectral_groups.ipynb: remove raw 0-based [126:141) and [160:167).
ENMAP,enmap,163,164,185,186,2139.6,8.33632,2135.4318399999997,2143.76816,Offline removal from construct_spectral_groups.ipynb: remove raw 0-based [126:141) and [160:167).
ENMAP,enmap,164,165,186,187,2148.26,8.30128,2144.1093600000004,2152.41064,Offline removal from construct_spectral_groups.ipynb: remove raw 0-based [126:141) and [160:167).
ENMAP,enmap,165,166,187,188,2156.88,8.26653,2152.746735,2161.013265,Offline removal from construct_spectral_groups.ipynb: remove raw 0-based [126:141) and [160:167).
ENMAP,enmap,166,167,188,189,2165.47,8.2321,2161.3539499999997,2169.58605,Offline removal from construct_spectral_groups.ipynb: remove raw 0-based [126:141) and [160:167).
ENMAP,enmap,167,168,189,190,2174.02,8.198,2169.921,2178.119,Offline removal from construct_spectral_groups.ipynb: remove raw 0-based [126:141) and [160:167).
ENMAP,enmap,168,169,190,191,2182.53,8.16422,2178.4478900000004,2186.61211,Offline removal from construct_spectral_groups.ipynb: remove raw 0-based [126:141) and [160:167).
ENMAP,enmap,169,170,191,192,2191.01,8.13079,2186.944605,2195.0753950000003,Offline removal from construct_spectral_groups.ipynb: remove raw 0-based [126:141) and [160:167).
ENMAP,enmap,170,171,192,193,2199.45,8.09771,2195.401145,2203.498855,Offline removal from construct_spectral_groups.ipynb: remove raw 0-based [126:141) and [160:167).
ENMAP,enmap,171,172,193,194,2207.86,8.065,2203.8275000000003,2211.8925,Offline removal from construct_spectral_groups.ipynb: remove raw 0-based [126:141) and [160:167).
ENMAP,enmap,172,173,194,195,2216.24,8.03267,2212.223665,2220.2563349999996,Offline removal from construct_spectral_groups.ipynb: remove raw 0-based [126:141) and [160:167).
ENMAP,enmap,173,174,195,196,2224.58,8.00072,2220.57964,2228.58036,Offline removal from construct_spectral_groups.ipynb: remove raw 0-based [126:141) and [160:167).
ENMAP,enmap,174,175,196,197,2232.89,7.96916,2228.90542,2236.8745799999997,Offline removal from construct_spectral_groups.ipynb: remove raw 0-based [126:141) and [160:167).
ENMAP,enmap,175,176,197,198,2241.16,7.93802,2237.19099,2245.1290099999997,Offline removal from construct_spectral_groups.ipynb: remove raw 0-based [126:141) and [160:167).
ENMAP,enmap,176,177,198,199,2249.4,7.90728,2245.44636,2253.3536400000003,Offline removal from construct_spectral_groups.ipynb: remove raw 0-based [126:141) and [160:167).
ENMAP,enmap,177,178,199,200,2257.61,7.87694,2253.67153,2261.54847,Offline removal from construct_spectral_groups.ipynb: remove raw 0-based [126:141) and [160:167).
ENMAP,enmap,178,179,200,201,2265.79,7.84695,2261.866525,2269.713475,Offline removal from construct_spectral_groups.ipynb: remove raw 0-based [126:141) and [160:167).
ENMAP,enmap,179,180,201,202,2273.93,7.81727,2270.021365,2277.8386349999996,Offline removal from construct_spectral_groups.ipynb: remove raw 0-based [126:141) and [160:167).
ENMAP,enmap,180,181,202,203,2282.04,7.78785,2278.146075,2285.933925,Offline removal from construct_spectral_groups.ipynb: remove raw 0-based [126:141) and [160:167).
ENMAP,enmap,181,182,203,204,2290.12,7.75866,2286.2406699999997,2293.99933,Offline removal from construct_spectral_groups.ipynb: remove raw 0-based [126:141) and [160:167).
ENMAP,enmap,182,183,204,205,2298.17,7.72966,2294.30517,2302.03483,Offline removal from construct_spectral_groups.ipynb: remove raw 0-based [126:141) and [160:167).
ENMAP,enmap,183,184,205,206,2306.19,7.70079,2302.339605,2310.040395,Offline removal from construct_spectral_groups.ipynb: remove raw 0-based [126:141) and [160:167).
ENMAP,enmap,184,185,206,207,2314.17,7.67203,2310.333985,2318.006015,Offline removal from construct_spectral_groups.ipynb: remove raw 0-based [126:141) and [160:167).
ENMAP,enmap,185,186,207,208,2322.13,7.64333,2318.308335,2325.951665,Offline removal from construct_spectral_groups.ipynb: remove raw 0-based [126:141) and [160:167).
ENMAP,enmap,186,187,208,209,2330.05,7.61464,2326.2426800000003,2333.85732,Offline removal from construct_spectral_groups.ipynb: remove raw 0-based [126:141) and [160:167).
ENMAP,enmap,187,188,209,210,2337.94,7.58593,2334.147035,2341.732965,Offline removal from construct_spectral_groups.ipynb: remove raw 0-based [126:141) and [160:167).
ENMAP,enmap,188,189,210,211,2345.81,7.55715,2342.031425,2349.5885749999998,Offline removal from construct_spectral_groups.ipynb: remove raw 0-based [126:141) and [160:167).
ENMAP,enmap,189,190,211,212,2353.64,7.52827,2349.875865,2357.4041349999998,Offline removal from construct_spectral_groups.ipynb: remove raw 0-based [126:141) and [160:167).
ENMAP,enmap,190,191,212,213,2361.44,7.49924,2357.69038,2365.18962,Offline removal from construct_spectral_groups.ipynb: remove raw 0-based [126:141) and [160:167).
ENMAP,enmap,191,192,213,214,2369.21,7.47001,2365.474995,2372.945005,Offline removal from construct_spectral_groups.ipynb: remove raw 0-based [126:141) and [160:167).
ENMAP,enmap,192,193,214,215,2376.95,7.44055,2373.2297249999997,2380.670275,Offline removal from construct_spectral_groups.ipynb: remove raw 0-based [126:141) and [160:167).
ENMAP,enmap,193,194,215,216,2384.66,7.41082,2380.95459,2388.36541,Offline removal from construct_spectral_groups.ipynb: remove raw 0-based [126:141) and [160:167).
ENMAP,enmap,194,195,216,217,2392.34,7.38077,2388.6496150000003,2396.030385,Offline removal from construct_spectral_groups.ipynb: remove raw 0-based [126:141) and [160:167).
ENMAP,enmap,195,196,217,218,2400.0,7.35037,2396.324815,2403.675185,Offline removal from construct_spectral_groups.ipynb: remove raw 0-based [126:141) and [160:167).
ENMAP,enmap,196,197,218,219,2407.62,7.31957,2403.960215,2411.2797849999997,Offline removal from construct_spectral_groups.ipynb: remove raw 0-based [126:141) and [160:167).
ENMAP,enmap,197,198,219,220,2415.21,7.28832,2411.56584,2418.85416,Offline removal from construct_spectral_groups.ipynb: remove raw 0-based [126:141) and [160:167).
ENMAP,enmap,198,199,220,221,2422.78,7.25659,2419.151705,2426.408295,Offline removal from construct_spectral_groups.ipynb: remove raw 0-based [126:141) and [160:167).
ENMAP,enmap,199,200,221,222,2430.32,7.22434,2426.7078300000003,2433.93217,Offline removal from construct_spectral_groups.ipynb: remove raw 0-based [126:141) and [160:167).
ENMAP,enmap,200,201,222,223,2437.82,7.19152,2434.22424,2441.4157600000003,Offline removal from construct_spectral_groups.ipynb: remove raw 0-based [126:141) and [160:167).
ENMAP,enmap,201,202,223,224,2445.3,7.1581,2441.7209500000004,2448.87905,Offline removal from construct_spectral_groups.ipynb: remove raw 0-based [126:141) and [160:167).
