sensor,variant,processed_index_0based,processed_index_1based,raw_index_0based,raw_index_1based,wavelength_nm,width_nm,lower_edge_nm,upper_edge_nm,description
PRISMA,prisma,0,1,0,1,406.993,11.352,401.317,412.669,Extracted from real PRISMA product metadata embedded in patch GeoTIFF (scene PRS_L2D_STD_20200519105128).
PRISMA,prisma,1,2,1,2,415.839,10.377,410.6505,421.0275,Extracted from real PRISMA product metadata embedded in patch GeoTIFF (scene PRS_L2D_STD_20200519105128).
PRISMA,prisma,2,3,2,3,423.785,9.751,418.9095,428.6605,Extracted from real PRISMA product metadata embedded in patch GeoTIFF (scene PRS_L2D_STD_20200519105128).
PRISMA,prisma,3,4,3,4,431.335,9.333,426.6685,436.0015,Extracted from real PRISMA product metadata embedded in patch GeoTIFF (scene PRS_L2D_STD_20200519105128).
PRISMA,prisma,4,5,4,5,438.657,9.226,434.044,443.27,Extracted from real PRISMA product metadata embedded in patch GeoTIFF (scene PRS_L2D_STD_20200519105128).
PRISMA,prisma,5,6,5,6,446.015,9.196,441.417,450.613,Extracted from real PRISMA product metadata embedded in patch GeoTIFF (scene PRS_L2D_STD_20200519105128).
PRISMA,prisma,6,7,6,7,453.389,9.124,448.827,457.951,Extracted from real PRISMA product metadata embedded in patch GeoTIFF (scene PRS_L2D_STD_20200519105128).
PRISMA,prisma,7,8,7,8,460.732,9.059,456.2025,465.2615,Extracted from real PRISMA product metadata embedded in patch GeoTIFF (scene PRS_L2D_STD_20200519105128).
PRISMA,prisma,8,9,8,9,468.098,8.92,463.638,472.558,Extracted from real PRISMA product metadata embedded in patch GeoTIFF (scene PRS_L2D_STD_20200519105128).
PRISMA,prisma,9,10,9,10,475.319,8.915,470.8615,479.7765,Extracted from real PRISMA product metadata embedded in patch GeoTIFF (scene PRS_L2D_STD_20200519105128).
PRISMA,prisma,10,11,10,11,482.548,8.908,478.094,487.002,Extracted from real PRISMA product metadata embedded in patch GeoTIFF (scene PRS_L2D_STD_20200519105128).
PRISMA,prisma,11,12,11,12,489.795,9.007,485.2915,494.2985,Extracted from real PRISMA product metadata embedded in patch GeoTIFF (scene PRS_L2D_STD_20200519105128).
PRISMA,prisma,12,13,12,13,497.059,9.206,492.456,501.662,Extracted from real PRISMA product metadata embedded in patch GeoTIFF (scene PRS_L2D_STD_20200519105128).
PRISMA,prisma,13,14,13,14,504.512,9.293,499.8655,509.1585,Extracted from real PRISMA product metadata embedded in patch GeoTIFF (scene PRS_L2D_STD_20200519105128).
PRISMA,prisma,14,15,14,15,512.046,9.367,507.3625,516.7295,Extracted from real PRISMA product metadata embedded in patch GeoTIFF (scene PRS_L2D_STD_20200519105128).
PRISMA,prisma,15,16,15,16,519.544,9.507,514.7905,524.2975,Extracted from real PRISMA product metadata embedded in patch GeoTIFF (scene PRS_L2D_STD_20200519105128).
PRISMA,prisma,16,17,16,17,527.305,9.641,522.4845,532.1255,Extracted from real PRISMA product metadata embedded in patch GeoTIFF (scene PRS_L2D_STD_20200519105128).
PRISMA,prisma,17,18,17,18,535.053,9.67,530.218,539.888,Extracted from real PRISMA product metadata embedded in patch GeoTIFF (scene PRS_L2D_STD_20200519105128).
PRISMA,prisma,18,19,18,19,542.885,9.795,537.9875,547.7825,Extracted from real PRISMA product metadata embedded in patch GeoTIFF (scene PRS_L2D_STD_20200519105128).
PRISMA,prisma,19,20,19,20,550.915,10.018,545.906,555.924,Extracted from real PRISMA product metadata embedded in patch GeoTIFF (scene PRS_L2D_STD_20200519105128).
PRISMA,prisma,20,21,20,21,559.02,10.06,553.99,564.05,Extracted from real PRISMA product metadata embedded in patch GeoTIFF (scene PRS_L2D_STD_20200519105128).
PRISMA,prisma,21,22,21,22,567.206,10.174,562.119,572.293,Extracted from real PRISMA product metadata embedded in patch GeoTIFF (scene PRS_L2D_STD_20200519105128).
PRISMA,prisma,22,23,22,23,575.487,10.313,570.3305,580.6435,Extracted from real PRISMA product metadata embedded in patch GeoTIFF (scene PRS_L2D_STD_20200519105128).
PRISMA,prisma,23,24,23,24,583.844,10.396,578.646,589.042,Extracted from real PRISMA product metadata embedded in patch GeoTIFF (scene PRS_L2D_STD_20200519105128).
PRISMA,prisma,24,25,24,25,592.339,10.554,587.062,597.616,Extracted from real PRISMA product metadata embedded in patch GeoTIFF (scene PRS_L2D_STD_20200519105128).
PRISMA,prisma,25,26,25,26,601.014,10.827,595.6005,606.4275,Extracted from real PRISMA product metadata embedded in patch GeoTIFF (scene PRS_L2D_STD_20200519105128).
PRISMA,prisma,26,27,26,27,609.958,10.924,604.496,615.42,Extracted from real PRISMA product metadata embedded in patch GeoTIFF (scene PRS_L2D_STD_20200519105128).
PRISMA,prisma,27,28,27,28,618.72,11.072,613.184,624.256,Extracted from real PRISMA product metadata embedded in patch GeoTIFF (scene PRS_L2D_STD_20200519105128).
PRISMA,prisma,28,29,28,29,627.778,11.22,622.168,633.388,Extracted from real PRISMA product metadata embedded in patch GeoTIFF (scene PRS_L2D_STD_20200519105128).
PRISMA,prisma,29,30,29,30,636.676,11.143,631.1045,642.2475,Extracted from real PRISMA product metadata embedded in patch GeoTIFF (scene PRS_L2D_STD_20200519105128).
PRISMA,prisma,30,31,30,31,645.964,11.548,640.19,651.738,Extracted from real PRISMA product metadata embedded in patch GeoTIFF (scene PRS_L2D_STD_20200519105128).
PRISMA,prisma,31,32,31,32,655.419,11.633,649.6025,661.2355,Extracted from real PRISMA product metadata embedded in patch GeoTIFF (scene PRS_L2D_STD_20200519105128).
PRISMA,prisma,32,33,32,33,664.894,11.718,659.035,670.753,Extracted from real PRISMA product metadata embedded in patch GeoTIFF (scene PRS_L2D_STD_20200519105128).
PRISMA,prisma,33,34,33,34,674.464,11.839,668.5445,680.3835,Extracted from real PRISMA product metadata embedded in patch GeoTIFF (scene PRS_L2D_STD_20200519105128).
PRISMA,prisma,34,35,34,35,684.137,11.979,678.1475,690.1265,Extracted from real PRISMA product metadata embedded in patch GeoTIFF (scene PRS_L2D_STD_20200519105128).
PRISMA,prisma,35,36,35,36,694.128,12.036,688.11,700.146,Extracted from real PRISMA product metadata embedded in patch GeoTIFF (scene PRS_L2D_STD_20200519105128).
PRISMA,prisma,36,37,36,37,703.737,11.982,697.746,709.728,Extracted from real PRISMA product metadata embedded in patch GeoTIFF (scene PRS_L2D_STD_20200519105128).
PRISMA,prisma,37,38,37,38,713.727,12.482,707.486,719.968,Extracted from real PRISMA product metadata embedded in patch GeoTIFF (scene PRS_L2D_STD_20200519105128).
PRISMA,prisma,38,39,38,39,723.88,12.349,717.7055,730.0545,Extracted from real PRISMA product metadata embedded in patch GeoTIFF (scene PRS_L2D_STD_20200519105128).
PRISMA,prisma,39,40,39,40,733.955,12.419,727.7455,740.1645,Extracted from real PRISMA product metadata embedded in patch GeoTIFF (scene PRS_L2D_STD_20200519105128).
PRISMA,prisma,40,41,40,41,744.15,12.565,737.8675,750.4325,Extracted from real PRISMA product metadata embedded in patch GeoTIFF (scene PRS_L2D_STD_20200519105128).
PRISMA,prisma,41,42,41,42,754.47,12.628,748.156,760.784,Extracted from real PRISMA product metadata embedded in patch GeoTIFF (scene PRS_L2D_STD_20200519105128).
PRISMA,prisma,42,43,42,43,764.856,12.805,758.4535,771.2585,Extracted from real PRISMA product metadata embedded in patch GeoTIFF (scene PRS_L2D_STD_20200519105128).
PRISMA,prisma,43,44,43,44,775.273,12.744,768.901,781.645,Extracted from real PRISMA product metadata embedded in patch GeoTIFF (scene PRS_L2D_STD_20200519105128).
PRISMA,prisma,44,45,44,45,785.66,12.764,779.278,792.042,Extracted from real PRISMA product metadata embedded in patch GeoTIFF (scene PRS_L2D_STD_20200519105128).
PRISMA,prisma,45,46,45,46,796.127,12.854,789.7,802.554,Extracted from real PRISMA product metadata embedded in patch GeoTIFF (scene PRS_L2D_STD_20200519105128).
PRISMA,prisma,46,47,46,47,806.711,12.948,800.237,813.185,Extracted from real PRISMA product metadata embedded in patch GeoTIFF (scene PRS_L2D_STD_20200519105128).
PRISMA,prisma,47,48,47,48,817.311,12.956,810.833,823.789,Extracted from real PRISMA product metadata embedded in patch GeoTIFF (scene PRS_L2D_STD_20200519105128).
PRISMA,prisma,48,49,48,49,827.919,12.988,821.425,834.413,Extracted from real PRISMA product metadata embedded in patch GeoTIFF (scene PRS_L2D_STD_20200519105128).
PRISMA,prisma,49,50,49,50,838.527,13.009,832.0225,845.0315,Extracted from real PRISMA product metadata embedded in patch GeoTIFF (scene PRS_L2D_STD_20200519105128).
PRISMA,prisma,50,51,50,51,849.21,13.088,842.666,855.754,Extracted from real PRISMA product metadata embedded in patch GeoTIFF (scene PRS_L2D_STD_20200519105128).
PRISMA,prisma,51,52,51,52,859.973,13.146,853.4,866.546,Extracted from real PRISMA product metadata embedded in patch GeoTIFF (scene PRS_L2D_STD_20200519105128).
PRISMA,prisma,52,53,52,53,870.743,13.171,864.1575,877.3285,Extracted from real PRISMA product metadata embedded in patch GeoTIFF (scene PRS_L2D_STD_20200519105128).
PRISMA,prisma,53,54,53,54,881.456,13.043,874.9345,887.9775,Extracted from real PRISMA product metadata embedded in patch GeoTIFF (scene PRS_L2D_STD_20200519105128).
PRISMA,prisma,54,55,54,55,892.081,13.106,885.528,898.634,Extracted from real PRISMA product metadata embedded in patch GeoTIFF (scene PRS_L2D_STD_20200519105128).
PRISMA,prisma,55,56,55,56,902.802,13.11,896.247,909.357,Extracted from real PRISMA product metadata embedded in patch GeoTIFF (scene PRS_L2D_STD_20200519105128).
PRISMA,prisma,56,57,56,57,913.445,13.066,906.912,919.978,Extracted from real PRISMA product metadata embedded in patch GeoTIFF (scene PRS_L2D_STD_20200519105128).
PRISMA,prisma,57,58,57,58,923.95,12.881,917.5095,930.3905,Extracted from real PRISMA product metadata embedded in patch GeoTIFF (scene PRS_L2D_STD_20200519105128).
PRISMA,prisma,58,59,58,59,934.112,12.754,927.735,940.489,Extracted from real PRISMA product metadata embedded in patch GeoTIFF (scene PRS_L2D_STD_20200519105128).
PRISMA,prisma,59,60,59,60,944.627,13.278,937.988,951.266,Extracted from real PRISMA product metadata embedded in patch GeoTIFF (scene PRS_L2D_STD_20200519105128).
PRISMA,prisma,60,61,60,61,951.401,11.013,945.8945,956.9075,Extracted from real PRISMA product metadata embedded in patch GeoTIFF (scene PRS_L2D_STD_20200519105128).
PRISMA,prisma,61,62,61,62,956.271,13.464,949.539,963.003,Extracted from real PRISMA product metadata embedded in patch GeoTIFF (scene PRS_L2D_STD_20200519105128).
PRISMA,prisma,62,63,62,63,959.974,12.201,953.8735,966.0745,Extracted from real PRISMA product metadata embedded in patch GeoTIFF (scene PRS_L2D_STD_20200519105128).
PRISMA,prisma,63,64,63,64,967.027,12.944,960.555,973.499,Extracted from real PRISMA product metadata embedded in patch GeoTIFF (scene PRS_L2D_STD_20200519105128).
PRISMA,prisma,64,65,64,65,969.845,12.151,963.7695,975.9205,Extracted from real PRISMA product metadata embedded in patch GeoTIFF (scene PRS_L2D_STD_20200519105128).
PRISMA,prisma,65,66,65,66,977.365,12.913,970.9085,983.8215,Extracted from real PRISMA product metadata embedded in patch GeoTIFF (scene PRS_L2D_STD_20200519105128).
PRISMA,prisma,66,67,66,67,979.224,12.133,973.1575,985.2905,Extracted from real PRISMA product metadata embedded in patch GeoTIFF (scene PRS_L2D_STD_20200519105128).
PRISMA,prisma,67,68,67,68,988.918,12.285,982.7755,995.0605,Extracted from real PRISMA product metadata embedded in patch GeoTIFF (scene PRS_L2D_STD_20200519105128).
PRISMA,prisma,68,69,68,69,998.908,12.671,992.5725,1005.2435,Extracted from real PRISMA product metadata embedded in patch GeoTIFF (scene PRS_L2D_STD_20200519105128).
PRISMA,prisma,69,70,69,70,1008.644,12.452,1002.418,1014.87,Extracted from real PRISMA product metadata embedded in patch GeoTIFF (scene PRS_L2D_STD_20200519105128).
PRISMA,prisma,70,71,70,71,1018.536,12.975,1012.0485,1025.0235,Extracted from real PRISMA product metadata embedded in patch GeoTIFF (scene PRS_L2D_STD_20200519105128).
PRISMA,prisma,71,72,71,72,1029.344,12.956,1022.866,1035.822,Extracted from real PRISMA product metadata embedded in patch GeoTIFF (scene PRS_L2D_STD_20200519105128).
PRISMA,prisma,72,73,72,73,1037.988,13.562,1031.207,1044.769,Extracted from real PRISMA product metadata embedded in patch GeoTIFF (scene PRS_L2D_STD_20200519105128).
PRISMA,prisma,73,74,73,74,1047.675,13.631,1040.8595,1054.4905,Extracted from real PRISMA product metadata embedded in patch GeoTIFF (scene PRS_L2D_STD_20200519105128).
PRISMA,prisma,74,75,74,75,1057.574,13.821,1050.6635,1064.4845,Extracted from real PRISMA product metadata embedded in patch GeoTIFF (scene PRS_L2D_STD_20200519105128).
PRISMA,prisma,75,76,75,76,1067.795,14.045,1060.7725,1074.8175,Extracted from real PRISMA product metadata embedded in patch GeoTIFF (scene PRS_L2D_STD_20200519105128).
PRISMA,prisma,76,77,76,77,1078.216,14.162,1071.135,1085.297,Extracted from real PRISMA product metadata embedded in patch GeoTIFF (scene PRS_L2D_STD_20200519105128).
PRISMA,prisma,77,78,77,78,1088.761,14.285,1081.6185,1095.9035,Extracted from real PRISMA product metadata embedded in patch GeoTIFF (scene PRS_L2D_STD_20200519105128).
PRISMA,prisma,78,79,78,79,1099.278,14.239,1092.1585,1106.3975,Extracted from real PRISMA product metadata embedded in patch GeoTIFF (scene PRS_L2D_STD_20200519105128).
PRISMA,prisma,79,80,79,80,1109.889,14.608,1102.585,1117.193,Extracted from real PRISMA product metadata embedded in patch GeoTIFF (scene PRS_L2D_STD_20200519105128).
PRISMA,prisma,80,81,80,81,1120.676,14.186,1113.583,1127.769,Extracted from real PRISMA product metadata embedded in patch GeoTIFF (scene PRS_L2D_STD_20200519105128).
PRISMA,prisma,81,82,81,82,1131.305,14.544,1124.033,1138.577,Extracted from real PRISMA product metadata embedded in patch GeoTIFF (scene PRS_L2D_STD_20200519105128).
PRISMA,prisma,82,83,82,83,1142.07,14.336,1134.902,1149.238,Extracted from real PRISMA product metadata embedded in patch GeoTIFF (scene PRS_L2D_STD_20200519105128).
PRISMA,prisma,83,84,83,84,1152.65,14.474,1145.413,1159.887,Extracted from real PRISMA product metadata embedded in patch GeoTIFF (scene PRS_L2D_STD_20200519105128).
PRISMA,prisma,84,85,84,85,1163.676,14.862,1156.245,1171.107,Extracted from real PRISMA product metadata embedded in patch GeoTIFF (scene PRS_L2D_STD_20200519105128).
PRISMA,prisma,85,86,85,86,1174.714,14.46,1167.484,1181.944,Extracted from real PRISMA product metadata embedded in patch GeoTIFF (scene PRS_L2D_STD_20200519105128).
PRISMA,prisma,86,87,86,87,1185.588,14.565,1178.3055,1192.8705,Extracted from real PRISMA product metadata embedded in patch GeoTIFF (scene PRS_L2D_STD_20200519105128).
PRISMA,prisma,87,88,87,88,1196.339,14.469,1189.1045,1203.5735,Extracted from real PRISMA product metadata embedded in patch GeoTIFF (scene PRS_L2D_STD_20200519105128).
PRISMA,prisma,88,89,88,89,1207.274,14.744,1199.902,1214.646,Extracted from real PRISMA product metadata embedded in patch GeoTIFF (scene PRS_L2D_STD_20200519105128).
PRISMA,prisma,89,90,89,90,1217.864,14.601,1210.5635,1225.1645,Extracted from real PRISMA product metadata embedded in patch GeoTIFF (scene PRS_L2D_STD_20200519105128).
PRISMA,prisma,90,91,90,91,1229.185,14.889,1221.7405,1236.6295,Extracted from real PRISMA product metadata embedded in patch GeoTIFF (scene PRS_L2D_STD_20200519105128).
PRISMA,prisma,91,92,91,92,1240.214,14.525,1232.9515,1247.4765,Extracted from real PRISMA product metadata embedded in patch GeoTIFF (scene PRS_L2D_STD_20200519105128).
PRISMA,prisma,92,93,92,93,1250.98,14.983,1243.4885,1258.4715,Extracted from real PRISMA product metadata embedded in patch GeoTIFF (scene PRS_L2D_STD_20200519105128).
PRISMA,prisma,93,94,93,94,1262.532,15.112,1254.976,1270.088,Extracted from real PRISMA product metadata embedded in patch GeoTIFF (scene PRS_L2D_STD_20200519105128).
PRISMA,prisma,94,95,94,95,1273.496,14.748,1266.122,1280.87,Extracted from real PRISMA product metadata embedded in patch GeoTIFF (scene PRS_L2D_STD_20200519105128).
PRISMA,prisma,95,96,95,96,1284.488,14.707,1277.1345,1291.8415,Extracted from real PRISMA product metadata embedded in patch GeoTIFF (scene PRS_L2D_STD_20200519105128).
PRISMA,prisma,96,97,96,97,1295.422,14.624,1288.11,1302.734,Extracted from real PRISMA product metadata embedded in patch GeoTIFF (scene PRS_L2D_STD_20200519105128).
PRISMA,prisma,97,98,97,98,1306.218,14.655,1298.8905,1313.5455,Extracted from real PRISMA product metadata embedded in patch GeoTIFF (scene PRS_L2D_STD_20200519105128).
PRISMA,prisma,98,99,98,99,1317.257,14.736,1309.889,1324.625,Extracted from real PRISMA product metadata embedded in patch GeoTIFF (scene PRS_L2D_STD_20200519105128).
PRISMA,prisma,99,100,99,100,1328.299,14.81,1320.894,1335.704,Extracted from real PRISMA product metadata embedded in patch GeoTIFF (scene PRS_L2D_STD_20200519105128).
PRISMA,prisma,100,101,100,101,1339.129,14.65,1331.804,1346.454,Extracted from real PRISMA product metadata embedded in patch GeoTIFF (scene PRS_L2D_STD_20200519105128).
PRISMA,prisma,101,102,101,102,1349.788,14.765,1342.4055,1357.1705,Extracted from real PRISMA product metadata embedded in patch GeoTIFF (scene PRS_L2D_STD_20200519105128).
PRISMA,prisma,102,103,102,103,1361.053,15.282,1353.412,1368.694,Extracted from real PRISMA product metadata embedded in patch GeoTIFF (scene PRS_L2D_STD_20200519105128).
PRISMA,prisma,103,104,103,104,1372.912,14.69,1365.567,1380.257,Extracted from real PRISMA product metadata embedded in patch GeoTIFF (scene PRS_L2D_STD_20200519105128).
PRISMA,prisma,104,105,104,105,1383.28,15.156,1375.702,1390.858,Extracted from real PRISMA product metadata embedded in patch GeoTIFF (scene PRS_L2D_STD_20200519105128).
PRISMA,prisma,105,106,105,106,1394.754,14.525,1387.4915,1402.0165,Extracted from real PRISMA product metadata embedded in patch GeoTIFF (scene PRS_L2D_STD_20200519105128).
PRISMA,prisma,106,107,106,107,1405.627,14.591,1398.3315,1412.9225,Extracted from real PRISMA product metadata embedded in patch GeoTIFF (scene PRS_L2D_STD_20200519105128).
PRISMA,prisma,107,108,107,108,1416.537,14.512,1409.281,1423.793,Extracted from real PRISMA product metadata embedded in patch GeoTIFF (scene PRS_L2D_STD_20200519105128).
PRISMA,prisma,108,109,108,109,1427.375,14.243,1420.2535,1434.4965,Extracted from real PRISMA product metadata embedded in patch GeoTIFF (scene PRS_L2D_STD_20200519105128).
PRISMA,prisma,109,110,109,110,1438.466,14.879,1431.0265,1445.9055,Extracted from real PRISMA product metadata embedded in patch GeoTIFF (scene PRS_L2D_STD_20200519105128).
PRISMA,prisma,110,111,110,111,1449.189,13.979,1442.1995,1456.1785,Extracted from real PRISMA product metadata embedded in patch GeoTIFF (scene PRS_L2D_STD_20200519105128).
PRISMA,prisma,111,112,111,112,1459.316,13.882,1452.375,1466.257,Extracted from real PRISMA product metadata embedded in patch GeoTIFF (scene PRS_L2D_STD_20200519105128).
PRISMA,prisma,112,113,112,113,1469.931,14.446,1462.708,1477.154,Extracted from real PRISMA product metadata embedded in patch GeoTIFF (scene PRS_L2D_STD_20200519105128).
PRISMA,prisma,113,114,113,114,1480.842,14.351,1473.6665,1488.0175,Extracted from real PRISMA product metadata embedded in patch GeoTIFF (scene PRS_L2D_STD_20200519105128).
PRISMA,prisma,114,115,114,115,1491.429,14.191,1484.3335,1498.5245,Extracted from real PRISMA product metadata embedded in patch GeoTIFF (scene PRS_L2D_STD_20200519105128).
PRISMA,prisma,115,116,115,116,1502.023,14.328,1494.859,1509.187,Extracted from real PRISMA product metadata embedded in patch GeoTIFF (scene PRS_L2D_STD_20200519105128).
PRISMA,prisma,116,117,116,117,1512.633,14.153,1505.5565,1519.7095,Extracted from real PRISMA product metadata embedded in patch GeoTIFF (scene PRS_L2D_STD_20200519105128).
PRISMA,prisma,117,118,117,118,1523.222,14.089,1516.1775,1530.2665,Extracted from real PRISMA product metadata embedded in patch GeoTIFF (scene PRS_L2D_STD_20200519105128).
PRISMA,prisma,118,119,118,119,1533.776,14.103,1526.7245,1540.8275,Extracted from real PRISMA product metadata embedded in patch GeoTIFF (scene PRS_L2D_STD_20200519105128).
PRISMA,prisma,119,120,119,120,1544.226,13.938,1537.257,1551.195,Extracted from real PRISMA product metadata embedded in patch GeoTIFF (scene PRS_L2D_STD_20200519105128).
PRISMA,prisma,120,121,120,121,1554.817,14.149,1547.7425,1561.8915,Extracted from real PRISMA product metadata embedded in patch GeoTIFF (scene PRS_L2D_STD_20200519105128).
PRISMA,prisma,121,122,121,122,1565.369,13.998,1558.37,1572.368,Extracted from real PRISMA product metadata embedded in patch GeoTIFF (scene PRS_L2D_STD_20200519105128).
PRISMA,prisma,122,123,122,123,1575.627,13.813,1568.7205,1582.5335,Extracted from real PRISMA product metadata embedded in patch GeoTIFF (scene PRS_L2D_STD_20200519105128).
PRISMA,prisma,123,124,123,124,1585.86,13.929,1578.8955,1592.8245,Extracted from real PRISMA product metadata embedded in patch GeoTIFF (scene PRS_L2D_STD_20200519105128).
PRISMA,prisma,124,125,124,125,1596.245,13.901,1589.2945,1603.1955,Extracted from real PRISMA product metadata embedded in patch GeoTIFF (scene PRS_L2D_STD_20200519105128).
PRISMA,prisma,125,126,125,126,1606.491,13.76,1599.611,1613.371,Extracted from real PRISMA product metadata embedded in patch GeoTIFF (scene PRS_L2D_STD_20200519105128).
PRISMA,prisma,126,127,126,127,1616.834,14.021,1609.8235,1623.8445,Extracted from real PRISMA product metadata embedded in patch GeoTIFF (scene PRS_L2D_STD_20200519105128).
PRISMA,prisma,127,128,127,128,1627.021,13.667,1620.1875,1633.8545,Extracted from real PRISMA product metadata embedded in patch GeoTIFF (scene PRS_L2D_STD_20200519105128).
PRISMA,prisma,128,129,128,129,1637.092,13.572,1630.306,1643.878,Extracted from real PRISMA product metadata embedded in patch GeoTIFF (scene PRS_L2D_STD_20200519105128).
PRISMA,prisma,129,130,129,130,1647.232,13.395,1640.5345,1653.9295,Extracted from real PRISMA product metadata embedded in patch GeoTIFF (scene PRS_L2D_STD_20200519105128).
PRISMA,prisma,130,131,130,131,1656.933,12.858,1650.504,1663.362,Extracted from real PRISMA product metadata embedded in patch GeoTIFF (scene PRS_L2D_STD_20200519105128).
PRISMA,prisma,131,132,131,132,1667.185,13.464,1660.453,1673.917,Extracted from real PRISMA product metadata embedded in patch GeoTIFF (scene PRS_L2D_STD_20200519105128).
PRISMA,prisma,132,133,132,133,1677.319,12.995,1670.8215,1683.8165,Extracted from real PRISMA product metadata embedded in patch GeoTIFF (scene PRS_L2D_STD_20200519105128).
PRISMA,prisma,133,134,133,134,1687.427,13.047,1680.9035,1693.9505,Extracted from real PRISMA product metadata embedded in patch GeoTIFF (scene PRS_L2D_STD_20200519105128).
PRISMA,prisma,134,135,134,135,1697.294,13.227,1690.6805,1703.9075,Extracted from real PRISMA product metadata embedded in patch GeoTIFF (scene PRS_L2D_STD_20200519105128).
PRISMA,prisma,135,136,135,136,1707.094,13.254,1700.467,1713.721,Extracted from real PRISMA product metadata embedded in patch GeoTIFF (scene PRS_L2D_STD_20200519105128).
PRISMA,prisma,136,137,136,137,1716.859,13.02,1710.349,1723.369,Extracted from real PRISMA product metadata embedded in patch GeoTIFF (scene PRS_L2D_STD_20200519105128).
PRISMA,prisma,137,138,137,138,1726.652,12.811,1720.2465,1733.0575,Extracted from real PRISMA product metadata embedded in patch GeoTIFF (scene PRS_L2D_STD_20200519105128).
PRISMA,prisma,138,139,138,139,1736.488,12.835,1730.0705,1742.9055,Extracted from real PRISMA product metadata embedded in patch GeoTIFF (scene PRS_L2D_STD_20200519105128).
PRISMA,prisma,139,140,139,140,1746.219,12.975,1739.7315,1752.7065,Extracted from real PRISMA product metadata embedded in patch GeoTIFF (scene PRS_L2D_STD_20200519105128).
PRISMA,prisma,140,141,140,141,1755.833,13.078,1749.294,1762.372,Extracted from real PRISMA product metadata embedded in patch GeoTIFF (scene PRS_L2D_STD_20200519105128).
PRISMA,prisma,141,142,141,142,1765.513,12.713,1759.1565,1771.8695,Extracted from real PRISMA product metadata embedded in patch GeoTIFF (scene PRS_L2D_STD_20200519105128).
PRISMA,prisma,142,143,142,143,1775.118,12.475,1768.8805,1781.3555,Extracted from real PRISMA product metadata embedded in patch GeoTIFF (scene PRS_L2D_STD_20200519105128).
PRISMA,prisma,143,144,143,144,1784.717,12.595,1778.4195,1791.0145,Extracted from real PRISMA product metadata embedded in patch GeoTIFF (scene PRS_L2D_STD_20200519105128).
PRISMA,prisma,144,145,144,145,1793.953,12.728,1787.589,1800.317,Extracted from real PRISMA product metadata embedded in patch GeoTIFF (scene PRS_L2D_STD_20200519105128).
PRISMA,prisma,145,146,145,146,1803.59,12.548,1797.316,1809.864,Extracted from real PRISMA product metadata embedded in patch GeoTIFF (scene PRS_L2D_STD_20200519105128).
PRISMA,prisma,146,147,146,147,1813.051,12.372,1806.865,1819.237,Extracted from real PRISMA product metadata embedded in patch GeoTIFF (scene PRS_L2D_STD_20200519105128).
PRISMA,prisma,147,148,147,148,1822.441,13.079,1815.9015,1828.9805,Extracted from real PRISMA product metadata embedded in patch GeoTIFF (scene PRS_L2D_STD_20200519105128).
PRISMA,prisma,148,149,148,149,1832.027,12.489,1825.7825,1838.2715,Extracted from real PRISMA product metadata embedded in patch GeoTIFF (scene PRS_L2D_STD_20200519105128).
PRISMA,prisma,149,150,149,150,1841.326,12.584,1835.034,1847.618,Extracted from real PRISMA product metadata embedded in patch GeoTIFF (scene PRS_L2D_STD_20200519105128).
PRISMA,prisma,150,151,150,151,1850.554,12.622,1844.243,1856.865,Extracted from real PRISMA product metadata embedded in patch GeoTIFF (scene PRS_L2D_STD_20200519105128).
PRISMA,prisma,151,152,151,152,1859.559,12.362,1853.378,1865.74,Extracted from real PRISMA product metadata embedded in patch GeoTIFF (scene PRS_L2D_STD_20200519105128).
PRISMA,prisma,152,153,152,153,1868.173,11.466,1862.44,1873.906,Extracted from real PRISMA product metadata embedded in patch GeoTIFF (scene PRS_L2D_STD_20200519105128).
PRISMA,prisma,153,154,153,154,1878.743,12.567,1872.4595,1885.0265,Extracted from real PRISMA product metadata embedded in patch GeoTIFF (scene PRS_L2D_STD_20200519105128).
PRISMA,prisma,154,155,154,155,1887.081,11.774,1881.194,1892.968,Extracted from real PRISMA product metadata embedded in patch GeoTIFF (scene PRS_L2D_STD_20200519105128).
PRISMA,prisma,155,156,155,156,1896.091,11.636,1890.273,1901.909,Extracted from real PRISMA product metadata embedded in patch GeoTIFF (scene PRS_L2D_STD_20200519105128).
PRISMA,prisma,156,157,156,157,1904.935,12.726,1898.572,1911.298,Extracted from real PRISMA product metadata embedded in patch GeoTIFF (scene PRS_L2D_STD_20200519105128).
PRISMA,prisma,157,158,157,158,1914.301,11.897,1908.3525,1920.2495,Extracted from real PRISMA product metadata embedded in patch GeoTIFF (scene PRS_L2D_STD_20200519105128).
PRISMA,prisma,158,159,158,159,1923.386,12.185,1917.2935,1929.4785,Extracted from real PRISMA product metadata embedded in patch GeoTIFF (scene PRS_L2D_STD_20200519105128).
PRISMA,prisma,159,160,159,160,1932.26,11.81,1926.355,1938.165,Extracted from real PRISMA product metadata embedded in patch GeoTIFF (scene PRS_L2D_STD_20200519105128).
PRISMA,prisma,160,161,160,161,1941.111,11.954,1935.134,1947.088,Extracted from real PRISMA product metadata embedded in patch GeoTIFF (scene PRS_L2D_STD_20200519105128).
PRISMA,prisma,161,162,161,162,1949.901,11.727,1944.0375,1955.7645,Extracted from real PRISMA product metadata embedded in patch GeoTIFF (scene PRS_L2D_STD_20200519105128).
PRISMA,prisma,162,163,162,163,1958.624,11.549,1952.8495,1964.3985,Extracted from real PRISMA product metadata embedded in patch GeoTIFF (scene PRS_L2D_STD_20200519105128).
PRISMA,prisma,163,164,163,164,1967.342,11.735,1961.4745,1973.2095,Extracted from real PRISMA product metadata embedded in patch GeoTIFF (scene PRS_L2D_STD_20200519105128).
PRISMA,prisma,164,165,164,165,1976.013,11.574,1970.226,1981.8,Extracted from real PRISMA product metadata embedded in patch GeoTIFF (scene PRS_L2D_STD_20200519105128).
PRISMA,prisma,165,166,165,166,1984.853,11.816,1978.945,1990.761,Extracted from real PRISMA product metadata embedded in patch GeoTIFF (scene PRS_L2D_STD_20200519105128).
PRISMA,prisma,166,167,166,167,1993.548,11.409,1987.8435,1999.2525,Extracted from real PRISMA product metadata embedded in patch GeoTIFF (scene PRS_L2D_STD_20200519105128).
PRISMA,prisma,167,168,167,168,2002.111,11.539,1996.3415,2007.8805,Extracted from real PRISMA product metadata embedded in patch GeoTIFF (scene PRS_L2D_STD_20200519105128).
PRISMA,prisma,168,169,168,169,2010.661,11.388,2004.967,2016.355,Extracted from real PRISMA product metadata embedded in patch GeoTIFF (scene PRS_L2D_STD_20200519105128).
PRISMA,prisma,169,170,169,170,2019.321,11.434,2013.604,2025.038,Extracted from real PRISMA product metadata embedded in patch GeoTIFF (scene PRS_L2D_STD_20200519105128).
PRISMA,prisma,170,171,170,171,2027.727,11.258,2022.098,2033.356,Extracted from real PRISMA product metadata embedded in patch GeoTIFF (scene PRS_L2D_STD_20200519105128).
PRISMA,prisma,171,172,171,172,2036.261,11.424,2030.549,2041.973,Extracted from real PRISMA product metadata embedded in patch GeoTIFF (scene PRS_L2D_STD_20200519105128).
PRISMA,prisma,172,173,172,173,2044.681,11.128,2039.117,2050.245,Extracted from real PRISMA product metadata embedded in patch GeoTIFF (scene PRS_L2D_STD_20200519105128).
PRISMA,prisma,173,174,173,174,2053.008,11.171,2047.4225,2058.5935,Extracted from real PRISMA product metadata embedded in patch GeoTIFF (scene PRS_L2D_STD_20200519105128).
PRISMA,prisma,174,175,174,175,2061.379,11.098,2055.83,2066.928,Extracted from real PRISMA product metadata embedded in patch GeoTIFF (scene PRS_L2D_STD_20200519105128).
PRISMA,prisma,175,176,175,176,2069.796,11.264,2064.164,2075.428,Extracted from real PRISMA product metadata embedded in patch GeoTIFF (scene PRS_L2D_STD_20200519105128).
PRISMA,prisma,176,177,176,177,2077.991,11.092,2072.445,2083.537,Extracted from real PRISMA product metadata embedded in patch GeoTIFF (scene PRS_L2D_STD_20200519105128).
PRISMA,prisma,177,178,177,178,2086.382,11.205,2080.7795,2091.9845,Extracted from real PRISMA product metadata embedded in patch GeoTIFF (scene PRS_L2D_STD_20200519105128).
PRISMA,prisma,178,179,178,179,2094.625,11.016,2089.117,2100.133,Extracted from real PRISMA product metadata embedded in patch GeoTIFF (scene PRS_L2D_STD_20200519105128).
PRISMA,prisma,179,180,179,180,2102.821,11.009,2097.3165,2108.3255,Extracted from real PRISMA product metadata embedded in patch GeoTIFF (scene PRS_L2D_STD_20200519105128).
PRISMA,prisma,180,181,180,181,2111.039,10.975,2105.5515,2116.5265,Extracted from real PRISMA product metadata embedded in patch GeoTIFF (scene PRS_L2D_STD_20200519105128).
PRISMA,prisma,181,182,181,182,2119.231,10.961,2113.7505,2124.7115,Extracted from real PRISMA product metadata embedded in patch GeoTIFF (scene PRS_L2D_STD_20200519105128).
PRISMA,prisma,182,183,182,183,2127.337,10.839,2121.9175,2132.7565,Extracted from real PRISMA product metadata embedded in patch GeoTIFF (scene PRS_L2D_STD_20200519105128).
PRISMA,prisma,183,184,183,184,2135.51,10.904,2130.058,2140.962,Extracted from real PRISMA product metadata embedded in patch GeoTIFF (scene PRS_L2D_STD_20200519105128).
PRISMA,prisma,184,185,184,185,2143.466,10.711,2138.1105,2148.8215,Extracted from real PRISMA product metadata embedded in patch GeoTIFF (scene PRS_L2D_STD_20200519105128).
PRISMA,prisma,185,186,185,186,2151.386,10.728,2146.022,2156.75,Extracted from real PRISMA product metadata embedded in patch GeoTIFF (scene PRS_L2D_STD_20200519105128).
PRISMA,prisma,186,187,186,187,2159.564,10.98,2154.074,2165.054,Extracted from real PRISMA product metadata embedded in patch GeoTIFF (scene PRS_L2D_STD_20200519105128).
PRISMA,prisma,187,188,187,188,2167.485,10.405,2162.2825,2172.6875,Extracted from real PRISMA product metadata embedded in patch GeoTIFF (scene PRS_L2D_STD_20200519105128).
PRISMA,prisma,188,189,188,189,2175.344,10.818,2169.935,2180.753,Extracted from real PRISMA product metadata embedded in patch GeoTIFF (scene PRS_L2D_STD_20200519105128).
PRISMA,prisma,189,190,189,190,2183.42,10.43,2178.205,2188.635,Extracted from real PRISMA product metadata embedded in patch GeoTIFF (scene PRS_L2D_STD_20200519105128).
PRISMA,prisma,190,191,190,191,2191.1,10.535,2185.8325,2196.3675,Extracted from real PRISMA product metadata embedded in patch GeoTIFF (scene PRS_L2D_STD_20200519105128).
PRISMA,prisma,191,192,191,192,2199.135,10.708,2193.781,2204.489,Extracted from real PRISMA product metadata embedded in patch GeoTIFF (scene PRS_L2D_STD_20200519105128).
PRISMA,prisma,192,193,192,193,2206.843,10.254,2201.716,2211.97,Extracted from real PRISMA product metadata embedded in patch GeoTIFF (scene PRS_L2D_STD_20200519105128).
PRISMA,prisma,193,194,193,194,2214.625,10.569,2209.3405,2219.9095,Extracted from real PRISMA product metadata embedded in patch GeoTIFF (scene PRS_L2D_STD_20200519105128).
PRISMA,prisma,194,195,194,195,2222.426,10.32,2217.266,2227.586,Extracted from real PRISMA product metadata embedded in patch GeoTIFF (scene PRS_L2D_STD_20200519105128).
PRISMA,prisma,195,196,195,196,2230.008,10.49,2224.763,2235.253,Extracted from real PRISMA product metadata embedded in patch GeoTIFF (scene PRS_L2D_STD_20200519105128).
PRISMA,prisma,196,197,196,197,2237.904,10.47,2232.669,2243.139,Extracted from real PRISMA product metadata embedded in patch GeoTIFF (scene PRS_L2D_STD_20200519105128).
PRISMA,prisma,197,198,197,198,2245.448,10.249,2240.3235,2250.5725,Extracted from real PRISMA product metadata embedded in patch GeoTIFF (scene PRS_L2D_STD_20200519105128).
PRISMA,prisma,198,199,198,199,2253.11,10.353,2247.9335,2258.2865,Extracted from real PRISMA product metadata embedded in patch GeoTIFF (scene PRS_L2D_STD_20200519105128).
PRISMA,prisma,199,200,199,200,2260.866,10.397,2255.6675,2266.0645,Extracted from real PRISMA product metadata embedded in patch GeoTIFF (scene PRS_L2D_STD_20200519105128).
PRISMA,prisma,200,201,200,201,2268.288,10.106,2263.235,2273.341,Extracted from real PRISMA product metadata embedded in patch GeoTIFF (scene PRS_L2D_STD_20200519105128).
PRISMA,prisma,201,202,201,202,2276.054,10.392,2270.858,2281.25,Extracted from real PRISMA product metadata embedded in patch GeoTIFF (scene PRS_L2D_STD_20200519105128).
PRISMA,prisma,202,203,202,203,2283.493,9.95,2278.518,2288.468,Extracted from real PRISMA product metadata embedded in patch GeoTIFF (scene PRS_L2D_STD_20200519105128).
PRISMA,prisma,203,204,203,204,2290.827,10.22,2285.717,2295.937,Extracted from real PRISMA product metadata embedded in patch GeoTIFF (scene PRS_L2D_STD_20200519105128).
PRISMA,prisma,204,205,204,205,2298.609,10.141,2293.5385,2303.6795,Extracted from real PRISMA product metadata embedded in patch GeoTIFF (scene PRS_L2D_STD_20200519105128).
PRISMA,prisma,205,206,205,206,2305.723,9.818,2300.814,2310.632,Extracted from real PRISMA product metadata embedded in patch GeoTIFF (scene PRS_L2D_STD_20200519105128).
PRISMA,prisma,206,207,206,207,2313.201,10.387,2308.0075,2318.3945,Extracted from real PRISMA product metadata embedded in patch GeoTIFF (scene PRS_L2D_STD_20200519105128).
PRISMA,prisma,207,208,207,208,2320.896,9.861,2315.9655,2325.8265,Extracted from real PRISMA product metadata embedded in patch GeoTIFF (scene PRS_L2D_STD_20200519105128).
PRISMA,prisma,208,209,208,209,2327.824,9.873,2322.8875,2332.7605,Extracted from real PRISMA product metadata embedded in patch GeoTIFF (scene PRS_L2D_STD_20200519105128).
PRISMA,prisma,209,210,209,210,2335.526,10.235,2330.4085,2340.6435,Extracted from real PRISMA product metadata embedded in patch GeoTIFF (scene PRS_L2D_STD_20200519105128).
PRISMA,prisma,210,211,210,211,2342.823,9.734,2337.956,2347.69,Extracted from real PRISMA product metadata embedded in patch GeoTIFF (scene PRS_L2D_STD_20200519105128).
PRISMA,prisma,211,212,211,212,2349.792,9.742,2344.921,2354.663,Extracted from real PRISMA product metadata embedded in patch GeoTIFF (scene PRS_L2D_STD_20200519105128).
PRISMA,prisma,212,213,212,213,2357.294,10.134,2352.227,2362.361,Extracted from real PRISMA product metadata embedded in patch GeoTIFF (scene PRS_L2D_STD_20200519105128).
PRISMA,prisma,213,214,213,214,2364.594,9.642,2359.773,2369.415,Extracted from real PRISMA product metadata embedded in patch GeoTIFF (scene PRS_L2D_STD_20200519105128).
PRISMA,prisma,214,215,214,215,2371.552,9.708,2366.698,2376.406,Extracted from real PRISMA product metadata embedded in patch GeoTIFF (scene PRS_L2D_STD_20200519105128).
PRISMA,prisma,215,216,215,216,2378.771,9.828,2373.857,2383.685,Extracted from real PRISMA product metadata embedded in patch GeoTIFF (scene PRS_L2D_STD_20200519105128).
PRISMA,prisma,216,217,216,217,2386.062,9.871,2381.1265,2390.9975,Extracted from real PRISMA product metadata embedded in patch GeoTIFF (scene PRS_L2D_STD_20200519105128).
PRISMA,prisma,217,218,217,218,2393.039,9.449,2388.3145,2397.7635,Extracted from real PRISMA product metadata embedded in patch GeoTIFF (scene PRS_L2D_STD_20200519105128).
PRISMA,prisma,218,219,218,219,2400.036,9.843,2395.1145,2404.9575,Extracted from real PRISMA product metadata embedded in patch GeoTIFF (scene PRS_L2D_STD_20200519105128).
PRISMA,prisma,219,220,219,220,2407.604,9.834,2402.687,2412.521,Extracted from real PRISMA product metadata embedded in patch GeoTIFF (scene PRS_L2D_STD_20200519105128).
PRISMA,prisma,220,221,220,221,2414.357,9.114,2409.8,2418.914,Extracted from real PRISMA product metadata embedded in patch GeoTIFF (scene PRS_L2D_STD_20200519105128).
PRISMA,prisma,221,222,221,222,2421.237,9.908,2416.283,2426.191,Extracted from real PRISMA product metadata embedded in patch GeoTIFF (scene PRS_L2D_STD_20200519105128).
PRISMA,prisma,222,223,222,223,2428.668,9.633,2423.8515,2433.4845,Extracted from real PRISMA product metadata embedded in patch GeoTIFF (scene PRS_L2D_STD_20200519105128).
PRISMA,prisma,223,224,223,224,2435.544,9.61,2430.739,2440.349,Extracted from real PRISMA product metadata embedded in patch GeoTIFF (scene PRS_L2D_STD_20200519105128).
PRISMA,prisma,224,225,224,225,2442.403,8.924,2437.941,2446.865,Extracted from real PRISMA product metadata embedded in patch GeoTIFF (scene PRS_L2D_STD_20200519105128).
PRISMA,prisma,225,226,225,226,2449.142,9.607,2444.3385,2453.9455,Extracted from real PRISMA product metadata embedded in patch GeoTIFF (scene PRS_L2D_STD_20200519105128).
PRISMA,prisma,226,227,226,227,2456.586,9.569,2451.8015,2461.3705,Extracted from real PRISMA product metadata embedded in patch GeoTIFF (scene PRS_L2D_STD_20200519105128).
PRISMA,prisma,227,228,227,228,2463.03,9.059,2458.5005,2467.5595,Extracted from real PRISMA product metadata embedded in patch GeoTIFF (scene PRS_L2D_STD_20200519105128).
PRISMA,prisma,228,229,228,229,2469.627,9.329,2464.9625,2474.2915,Extracted from real PRISMA product metadata embedded in patch GeoTIFF (scene PRS_L2D_STD_20200519105128).
PRISMA,prisma,229,230,229,230,2477.055,9.811,2472.1495,2481.9605,Extracted from real PRISMA product metadata embedded in patch GeoTIFF (scene PRS_L2D_STD_20200519105128).
PRISMA,prisma,230,231,230,231,2483.793,9.123,2479.2315,2488.3545,Extracted from real PRISMA product metadata embedded in patch GeoTIFF (scene PRS_L2D_STD_20200519105128).
PRISMA,prisma,231,232,231,232,2490.219,9.218,2485.61,2494.828,Extracted from real PRISMA product metadata embedded in patch GeoTIFF (scene PRS_L2D_STD_20200519105128).
PRISMA,prisma,232,233,232,233,2497.115,9.729,2492.2505,2501.9795,Extracted from real PRISMA product metadata embedded in patch GeoTIFF (scene PRS_L2D_STD_20200519105128).
